województwo,powiat,gmina,typ gminy,TERYT
mazowieckie,ciechanowski,Ciechanów,gmina miejska,1402011
mazowieckie,ciechanowski,Ciechanów,gmina wiejska,1402022
mazowieckie,ciechanowski,Gołymin-Ośrodek,gmina wiejska,1402042
mazowieckie,ciechanowski,Grudusk,gmina wiejska,1402052
mazowieckie,ciechanowski,Ojrzeń,gmina wiejska,1402062
mazowieckie,ciechanowski,Opinogóra Górna,gmina wiejska,1402072
mazowieckie,ciechanowski,Regimin,gmina wiejska,1402082
mazowieckie,ciechanowski,Sońsk,gmina wiejska,1402092
mazowieckie,m. Ostrołęka,Ostrołęka,gmina miejska (miasto na prawach powiatu),1461011
mazowieckie,m. Siedlce,Siedlce,gmina miejska (miasto na prawach powiatu),1464011
mazowieckie,makowski,Czerwonka,gmina wiejska,1411022
mazowieckie,makowski,Karniewo,gmina wiejska,1411032
mazowieckie,makowski,Krasnosielc,gmina wiejska,1411042
mazowieckie,makowski,Maków Mazowiecki,gmina miejska,1411011
mazowieckie,makowski,Młynarze,gmina wiejska,1411052
mazowieckie,makowski,Płoniawy-Bramura,gmina wiejska,1411062
mazowieckie,makowski,Rzewnie,gmina wiejska,1411082
mazowieckie,makowski,Różan,gmina miejsko-wiejska,1411073
mazowieckie,makowski,Sypniewo,gmina wiejska,1411092
mazowieckie,makowski,Szelków,gmina wiejska,1411102
mazowieckie,mławski,Dzierzgowo,gmina wiejska,1413022
mazowieckie,mławski,Mława,gmina miejska,1413011
mazowieckie,mławski,Strzegowo,gmina wiejska,1413052
mazowieckie,mławski,Stupsk,gmina wiejska,1413062
mazowieckie,mławski,Szydłowo,gmina wiejska,1413082
mazowieckie,mławski,Wieczfnia Kościelna,gmina wiejska,1413092
mazowieckie,mławski,Wiśniewo,gmina wiejska,1413102
mazowieckie,ostrowski,Andrzejewo,gmina wiejska,1416022
mazowieckie,ostrowski,Boguty-Pianki,gmina wiejska,1416032
mazowieckie,ostrowski,Brok,gmina miejsko-wiejska,1416043
mazowieckie,ostrowski,Małkinia Górna,gmina miejsko-wiejska,1416053
mazowieckie,ostrowski,Nur,gmina wiejska,1416062
mazowieckie,ostrowski,Ostrów Mazowiecka,gmina miejska,1416011
mazowieckie,ostrowski,Ostrów Mazowiecka,gmina wiejska,1416072
mazowieckie,ostrowski,Stary Lubotyń,gmina wiejska,1416082
mazowieckie,ostrowski,Szulborze Wielkie,gmina wiejska,1416092
mazowieckie,ostrowski,Wąsewo,gmina wiejska,1416102
mazowieckie,ostrowski,Zaręby Kościelne,gmina wiejska,1416112
mazowieckie,ostrołęcki,Baranowo,gmina wiejska,1415012
mazowieckie,ostrołęcki,Czarnia,gmina wiejska,1415022
mazowieckie,ostrołęcki,Czerwin,gmina wiejska,1415032
mazowieckie,ostrołęcki,Goworowo,gmina wiejska,1415042
mazowieckie,ostrołęcki,Kadzidło,gmina wiejska,1415052
mazowieckie,ostrołęcki,Lelis,gmina wiejska,1415062
mazowieckie,ostrołęcki,Myszyniec,gmina miejsko-wiejska,1415083
mazowieckie,ostrołęcki,Olszewo-Borki,gmina wiejska,1415092
mazowieckie,ostrołęcki,Rzekuń,gmina wiejska,1415102
mazowieckie,ostrołęcki,Troszyn,gmina wiejska,1415112
mazowieckie,ostrołęcki,Łyse,gmina wiejska,1415072
mazowieckie,przasnyski,Chorzele,gmina miejsko-wiejska,1422023
mazowieckie,przasnyski,Czernice Borowe,gmina wiejska,1422032
mazowieckie,przasnyski,Jednorożec,gmina wiejska,1422042
mazowieckie,przasnyski,Krasne,gmina wiejska,1422052
mazowieckie,przasnyski,Krzynowłoga Mała,gmina wiejska,1422062
mazowieckie,przasnyski,Przasnysz,gmina miejska,1422011
mazowieckie,przasnyski,Przasnysz,gmina wiejska,1422072
mazowieckie,pułtuski,Gzy,gmina wiejska,1424012
mazowieckie,pułtuski,Obryte,gmina wiejska,1424022
mazowieckie,pułtuski,Pokrzywnica,gmina wiejska,1424032
mazowieckie,pułtuski,Pułtusk,gmina miejsko-wiejska,1424043
mazowieckie,pułtuski,Winnica,gmina wiejska,1424062
mazowieckie,pułtuski,Zatory,gmina wiejska,1424072
mazowieckie,pułtuski,Świercze,gmina wiejska,1424052
mazowieckie,płoński,Joniec,gmina wiejska,1420062
mazowieckie,płoński,Nowe Miasto,gmina miejsko-wiejska,1420083
mazowieckie,płoński,Sochocin,gmina miejsko-wiejska,1420113
mazowieckie,siedlecki,Korczew,gmina wiejska,1426022
mazowieckie,siedlecki,Kotuń,gmina wiejska,1426032
mazowieckie,siedlecki,Mokobody,gmina wiejska,1426042
mazowieckie,siedlecki,Mordy,gmina miejsko-wiejska,1426053
mazowieckie,siedlecki,Paprotnia,gmina wiejska,1426062
mazowieckie,siedlecki,Przesmyki,gmina wiejska,1426072
mazowieckie,siedlecki,Siedlce,gmina wiejska,1426082
mazowieckie,siedlecki,Skórzec,gmina wiejska,1426092
mazowieckie,siedlecki,Suchożebry,gmina wiejska,1426102
mazowieckie,siedlecki,Wiśniew,gmina wiejska,1426112
mazowieckie,siedlecki,Zbuczyn,gmina wiejska,1426132
mazowieckie,sokołowski,Bielany,gmina wiejska,1429022
mazowieckie,sokołowski,Ceranów,gmina wiejska,1429032
mazowieckie,sokołowski,Jabłonna Lacka,gmina wiejska,1429042
mazowieckie,sokołowski,Kosów Lacki,gmina miejsko-wiejska,1429053
mazowieckie,sokołowski,Repki,gmina wiejska,1429062
mazowieckie,sokołowski,Sabnie,gmina wiejska,1429072
mazowieckie,sokołowski,Sokołów Podlaski,gmina miejska,1429011
mazowieckie,sokołowski,Sokołów Podlaski,gmina wiejska,1429082
mazowieckie,sokołowski,Sterdyń,gmina wiejska,1429092
mazowieckie,wyszkowski,Brańszczyk,gmina wiejska,1435012
mazowieckie,wyszkowski,Długosiodło,gmina wiejska,1435022
mazowieckie,wyszkowski,Rząśnik,gmina wiejska,1435032
mazowieckie,wyszkowski,Somianka,gmina wiejska,1435042
mazowieckie,wyszkowski,Wyszków,gmina miejsko-wiejska,1435053
mazowieckie,wyszkowski,Zabrodzie,gmina wiejska,1435062
mazowieckie,węgrowski,Grębków,gmina wiejska,1433022
mazowieckie,węgrowski,Korytnica,gmina wiejska,1433032
mazowieckie,węgrowski,Liw,gmina wiejska,1433042
mazowieckie,węgrowski,Miedzna,gmina wiejska,1433062
mazowieckie,węgrowski,Sadowne,gmina wiejska,1433072
mazowieckie,węgrowski,Stoczek,gmina wiejska,1433082
mazowieckie,węgrowski,Wierzbno,gmina wiejska,1433092
mazowieckie,węgrowski,Węgrów,gmina miejska,1433011
mazowieckie,węgrowski,Łochów,gmina miejsko-wiejska,1433053
mazowieckie,łosicki,Olszanka,gmina wiejska,1410032
mazowieckie,łosicki,Platerów,gmina wiejska,1410042
mazowieckie,łosicki,Sarnaki,gmina wiejska,1410052
mazowieckie,łosicki,Łosice,gmina miejsko-wiejska,1410023
podlaskie,augustowski,Augustów,gmina miejska,2001011
podlaskie,augustowski,Augustów,gmina wiejska,2001022
podlaskie,augustowski,Bargłów Kościelny,gmina wiejska,2001032
podlaskie,augustowski,Lipsk,gmina miejsko-wiejska,2001043
podlaskie,augustowski,Nowinka,gmina wiejska,2001052
podlaskie,augustowski,Płaska,gmina wiejska,2001062
podlaskie,augustowski,Sztabin,gmina wiejska,2001072
podlaskie,białostocki,Choroszcz,gmina miejsko-wiejska,2002013
podlaskie,białostocki,Czarna Białostocka,gmina miejsko-wiejska,2002023
podlaskie,białostocki,Dobrzyniewo Duże,gmina wiejska,2002032
podlaskie,białostocki,Grabówka,gmina wiejska,2002162
podlaskie,białostocki,Gródek,gmina wiejska,2002042
podlaskie,białostocki,Juchnowiec Kościelny,gmina wiejska,2002052
podlaskie,białostocki,Michałowo,gmina miejsko-wiejska,2002073
podlaskie,białostocki,Poświętne,gmina wiejska,2002082
podlaskie,białostocki,Supraśl,gmina miejsko-wiejska,2002093
podlaskie,białostocki,Suraż,gmina miejsko-wiejska,2002103
podlaskie,białostocki,Turośń Kościelna,gmina wiejska,2002112
podlaskie,białostocki,Tykocin,gmina miejsko-wiejska,2002123
podlaskie,białostocki,Wasilków,gmina miejsko-wiejska,2002133
podlaskie,białostocki,Zabłudów,gmina miejsko-wiejska,2002143
podlaskie,białostocki,Zawady,gmina wiejska,2002152
podlaskie,białostocki,Łapy,gmina miejsko-wiejska,2002063
podlaskie,bielski,Bielsk Podlaski,gmina miejska,2003011
podlaskie,bielski,Bielsk Podlaski,gmina wiejska,2003032
podlaskie,bielski,Boćki,gmina wiejska,2003042
podlaskie,bielski,Brańsk,gmina miejska,2003021
podlaskie,bielski,Brańsk,gmina wiejska,2003052
podlaskie,bielski,Orla,gmina wiejska,2003062
podlaskie,bielski,Rudka,gmina wiejska,2003072
podlaskie,bielski,Wyszki,gmina wiejska,2003082
podlaskie,grajewski,Grajewo,gmina miejska,2004011
podlaskie,grajewski,Grajewo,gmina wiejska,2004022
podlaskie,grajewski,Radziłów,gmina wiejska,2004032
podlaskie,grajewski,Rajgród,gmina miejsko-wiejska,2004043
podlaskie,grajewski,Szczuczyn,gmina miejsko-wiejska,2004053
podlaskie,grajewski,Wąsosz,gmina wiejska,2004062
podlaskie,hajnowski,Czeremcha,gmina wiejska,2005032
podlaskie,hajnowski,Czyże,gmina wiejska,2005042
podlaskie,hajnowski,Dubicze Cerkiewne,gmina wiejska,2005052
podlaskie,hajnowski,Hajnówka,gmina miejska,2005011
podlaskie,hajnowski,Hajnówka,gmina wiejska,2005062
podlaskie,hajnowski,Kleszczele,gmina miejsko-wiejska,2005073
podlaskie,hajnowski,Narew,gmina wiejska,2005082
podlaskie,hajnowski,Narewka,gmina wiejska,2005092
podlaskie,kolneński,Grabowo,gmina wiejska,2006022
podlaskie,kolneński,Kolno,gmina miejska,2006011
podlaskie,kolneński,Kolno,gmina wiejska,2006032
podlaskie,kolneński,Mały Płock,gmina wiejska,2006042
podlaskie,kolneński,Stawiski,gmina miejsko-wiejska,2006053
podlaskie,kolneński,Turośl,gmina wiejska,2006062
podlaskie,m. Białystok,Białystok,gmina miejska (miasto na prawach powiatu),2061011
podlaskie,m. Suwałki,Suwałki,gmina miejska (miasto na prawach powiatu),2063011
podlaskie,m. Łomża,Łomża,gmina miejska (miasto na prawach powiatu),2062011
podlaskie,moniecki,Goniądz,gmina miejsko-wiejska,2008013
podlaskie,moniecki,Jasionówka,gmina wiejska,2008022
podlaskie,moniecki,Jaświły,gmina wiejska,2008032
podlaskie,moniecki,Knyszyn,gmina miejsko-wiejska,2008043
podlaskie,moniecki,Krypno,gmina wiejska,2008052
podlaskie,moniecki,Mońki,gmina miejsko-wiejska,2008063
podlaskie,moniecki,Trzcianne,gmina wiejska,2008072
podlaskie,siemiatycki,Drohiczyn,gmina miejsko-wiejska,2010023
podlaskie,siemiatycki,Dziadkowice,gmina wiejska,2010032
podlaskie,siemiatycki,Grodzisk,gmina wiejska,2010042
podlaskie,siemiatycki,Mielnik,gmina wiejska,2010052
podlaskie,siemiatycki,Milejczyce,gmina wiejska,2010062
podlaskie,siemiatycki,Nurzec-Stacja,gmina wiejska,2010072
podlaskie,siemiatycki,Perlejewo,gmina wiejska,2010082
podlaskie,siemiatycki,Siemiatycze,gmina miejska,2010011
podlaskie,siemiatycki,Siemiatycze,gmina wiejska,2010092
podlaskie,sokólski,Dąbrowa Białostocka,gmina miejsko-wiejska,2011013
podlaskie,sokólski,Janów,gmina wiejska,2011022
podlaskie,sokólski,Korycin,gmina wiejska,2011032
podlaskie,sokólski,Krynki,gmina miejsko-wiejska,2011043
podlaskie,sokólski,Kuźnica,gmina wiejska,2011052
podlaskie,sokólski,Nowy Dwór,gmina wiejska,2011062
podlaskie,sokólski,Sidra,gmina wiejska,2011072
podlaskie,sokólski,Sokółka,gmina miejsko-wiejska,2011083
podlaskie,sokólski,Suchowola,gmina miejsko-wiejska,2011093
podlaskie,sokólski,Szudziałowo,gmina wiejska,2011102
podlaskie,suwalski,Bakałarzewo,gmina wiejska,2012012
podlaskie,suwalski,Filipów,gmina wiejska,2012022
podlaskie,suwalski,Raczki,gmina wiejska,2012052
podlaskie,suwalski,Suwałki,gmina wiejska,2012072
podlaskie,wysokomazowiecki,Ciechanowiec,gmina miejsko-wiejska,2013023
podlaskie,wysokomazowiecki,Czyżew,gmina miejsko-wiejska,2013033
podlaskie,wysokomazowiecki,Klukowo,gmina wiejska,2013042
podlaskie,wysokomazowiecki,Kobylin-Borzymy,gmina wiejska,2013052
podlaskie,wysokomazowiecki,Kulesze Kościelne,gmina wiejska,2013062
podlaskie,wysokomazowiecki,Nowe Piekuty,gmina wiejska,2013072
podlaskie,wysokomazowiecki,Sokoły,gmina wiejska,2013082
podlaskie,wysokomazowiecki,Szepietowo,gmina miejsko-wiejska,2013093
podlaskie,wysokomazowiecki,Wysokie Mazowieckie,gmina miejska,2013011
podlaskie,wysokomazowiecki,Wysokie Mazowieckie,gmina wiejska,2013102
podlaskie,zambrowski,Kołaki Kościelne,gmina wiejska,2014022
podlaskie,zambrowski,Rutki,gmina wiejska,2014032
podlaskie,zambrowski,Szumowo,gmina wiejska,2014042
podlaskie,zambrowski,Zambrów,gmina miejska,2014011
podlaskie,zambrowski,Zambrów,gmina wiejska,2014052
podlaskie,łomżyński,Jedwabne,gmina miejsko-wiejska,2007013
podlaskie,łomżyński,Miastkowo,gmina wiejska,2007032
podlaskie,łomżyński,Nowogród,gmina miejsko-wiejska,2007043
podlaskie,łomżyński,Piątnica,gmina wiejska,2007052
podlaskie,łomżyński,Przytuły,gmina wiejska,2007062
podlaskie,łomżyński,Wizna,gmina wiejska,2007082
podlaskie,łomżyński,Zbójna,gmina wiejska,2007092
podlaskie,łomżyński,Łomża,gmina wiejska,2007022
podlaskie,łomżyński,Śniadowo,gmina wiejska,2007072
warmińsko-mazurskie,działdowski,Iłowo-Osada,gmina wiejska,2803032
warmińsko-mazurskie,ełcki,Ełk,gmina miejska,2805011
warmińsko-mazurskie,ełcki,Ełk,gmina wiejska,2805022
warmińsko-mazurskie,ełcki,Kalinowo,gmina wiejska,2805032
warmińsko-mazurskie,ełcki,Prostki,gmina wiejska,2805042
warmińsko-mazurskie,ełcki,Stare Juchy,gmina wiejska,2805052
warmińsko-mazurskie,giżycki,Giżycko,gmina miejska,2806011
warmińsko-mazurskie,giżycki,Giżycko,gmina wiejska,2806042
warmińsko-mazurskie,giżycki,Kruklanki,gmina wiejska,2806052
warmińsko-mazurskie,giżycki,Miłki,gmina wiejska,2806062
warmińsko-mazurskie,giżycki,Ryn,gmina miejsko-wiejska,2806083
warmińsko-mazurskie,giżycki,Wydminy,gmina wiejska,2806102
warmińsko-mazurskie,gołdapski,Banie Mazurskie,gmina wiejska,2818012
warmińsko-mazurskie,kętrzyński,Kętrzyn,gmina miejska,2808011
warmińsko-mazurskie,kętrzyński,Kętrzyn,gmina wiejska,2808032
warmińsko-mazurskie,kętrzyński,Reszel,gmina miejsko-wiejska,2808053
warmińsko-mazurskie,kętrzyński,Srokowo,gmina wiejska,2808062
warmińsko-mazurskie,m. Olsztyn,Olsztyn,gmina miejska (miasto na prawach powiatu),2862011
warmińsko-mazurskie,mrągowski,Mikołajki,gmina miejsko-wiejska,2810023
warmińsko-mazurskie,mrągowski,Mrągowo,gmina miejska,2810011
warmińsko-mazurskie,mrągowski,Mrągowo,gmina wiejska,2810032
warmińsko-mazurskie,mrągowski,Piecki,gmina wiejska,2810042
warmińsko-mazurskie,mrągowski,Sorkwity,gmina wiejska,2810052
warmińsko-mazurskie,nidzicki,Janowiec Kościelny,gmina wiejska,2811012
warmińsko-mazurskie,nidzicki,Janowo,gmina wiejska,2811022
warmińsko-mazurskie,nidzicki,Kozłowo,gmina wiejska,2811032
warmińsko-mazurskie,nidzicki,Nidzica,gmina miejsko-wiejska,2811043
warmińsko-mazurskie,olecki,Kowale Oleckie,gmina wiejska,2813032
warmińsko-mazurskie,olecki,Olecko,gmina miejsko-wiejska,2813043
warmińsko-mazurskie,olecki,Wieliczki,gmina wiejska,2813062
warmińsko-mazurskie,olecki,Świętajno,gmina wiejska,2813052
warmińsko-mazurskie,olsztyński,Barczewo,gmina miejsko-wiejska,2814013
warmińsko-mazurskie,olsztyński,Biskupiec,gmina miejsko-wiejska,2814023
warmińsko-mazurskie,olsztyński,Kolno,gmina wiejska,2814082
warmińsko-mazurskie,olsztyński,Purda,gmina wiejska,2814102
warmińsko-mazurskie,olsztyński,Stawiguda,gmina wiejska,2814112
warmińsko-mazurskie,piski,Biała Piska,gmina miejsko-wiejska,2816013
warmińsko-mazurskie,piski,Orzysz,gmina miejsko-wiejska,2816023
warmińsko-mazurskie,piski,Pisz,gmina miejsko-wiejska,2816033
warmińsko-mazurskie,piski,Ruciane-Nida,gmina miejsko-wiejska,2816043
warmińsko-mazurskie,szczycieński,Dźwierzuty,gmina wiejska,2817022
warmińsko-mazurskie,szczycieński,Jedwabno,gmina wiejska,2817032
warmińsko-mazurskie,szczycieński,Pasym,gmina miejsko-wiejska,2817043
warmińsko-mazurskie,szczycieński,Rozogi,gmina wiejska,2817052
warmińsko-mazurskie,szczycieński,Szczytno,gmina miejska,2817011
warmińsko-mazurskie,szczycieński,Szczytno,gmina wiejska,2817062
warmińsko-mazurskie,szczycieński,Wielbark,gmina miejsko-wiejska,2817083
warmińsko-mazurskie,szczycieński,Świętajno,gmina wiejska,2817072
warmińsko-mazurskie,węgorzewski,Budry,gmina wiejska,2819012
warmińsko-mazurskie,węgorzewski,Pozezdrze,gmina wiejska,2819022
warmińsko-mazurskie,węgorzewski,Węgorzewo,gmina miejsko-wiejska,2819033
