row_idx,województwo,powiat,gmina,typ gminy,TERYT,rok_raportu,status,ext_dokumentu,zawartosc,url,metoda_pozyskania,hash dokumentu,status komunikatu,dt_utc_finalne,failure_reason,file_size_MB,existed
15514,pomorskie,-,-,-,22,2018,nowy,,,,,,,,,,
15515,pomorskie,-,-,-,22,2019,nowy,,,,,,,,,,
15516,pomorskie,-,-,-,22,2020,nowy,,,,,,,,,,
15517,pomorskie,-,-,-,22,2021,nowy,,,,,,,,,,
15518,pomorskie,-,-,-,22,2022,nowy,,,,,,,,,,
15519,pomorskie,-,-,-,22,2023,nowy,,,,,,,,,,
15520,pomorskie,-,-,-,22,2024,nowy,,,,,,,,,,
15521,pomorskie,-,-,-,22,2025,nowy,,,,,,,,,,
15522,pomorskie,bytowski,-,-,2201,2018,nowy,,,,,,,,,,
15523,pomorskie,bytowski,-,-,2201,2019,nowy,,,,,,,,,,
15524,pomorskie,bytowski,-,-,2201,2020,nowy,,,,,,,,,,
15525,pomorskie,bytowski,-,-,2201,2021,nowy,,,,,,,,,,
15526,pomorskie,bytowski,-,-,2201,2022,nowy,,,,,,,,,,
15527,pomorskie,bytowski,-,-,2201,2023,nowy,,,,,,,,,,
15528,pomorskie,bytowski,-,-,2201,2024,nowy,,,,,,,,,,
15529,pomorskie,bytowski,-,-,2201,2025,nowy,,,,,,,,,,
15530,pomorskie,bytowski,Borzytuchom,gmina wiejska,2201012,2018,nowy,,,,,,,,,,
15531,pomorskie,bytowski,Borzytuchom,gmina wiejska,2201012,2019,nowy,,,,,,,,,,
15532,pomorskie,bytowski,Borzytuchom,gmina wiejska,2201012,2020,nowy,,,,,,,,,,
15533,pomorskie,bytowski,Borzytuchom,gmina wiejska,2201012,2021,nowy,,,,,,,,,,
15534,pomorskie,bytowski,Borzytuchom,gmina wiejska,2201012,2022,nowy,,,,,,,,,,
15535,pomorskie,bytowski,Borzytuchom,gmina wiejska,2201012,2023,nowy,,,,,,,,,,
15536,pomorskie,bytowski,Borzytuchom,gmina wiejska,2201012,2024,nowy,,,,,,,,,,
15537,pomorskie,bytowski,Borzytuchom,gmina wiejska,2201012,2025,nowy,,,,,,,,,,
15538,pomorskie,bytowski,Bytów,gmina miejsko-wiejska,2201023,2018,nowy,,,,,,,,,,
15539,pomorskie,bytowski,Bytów,gmina miejsko-wiejska,2201023,2019,nowy,,,,,,,,,,
15540,pomorskie,bytowski,Bytów,gmina miejsko-wiejska,2201023,2020,nowy,,,,,,,,,,
15541,pomorskie,bytowski,Bytów,gmina miejsko-wiejska,2201023,2021,nowy,,,,,,,,,,
15542,pomorskie,bytowski,Bytów,gmina miejsko-wiejska,2201023,2022,nowy,,,,,,,,,,
15543,pomorskie,bytowski,Bytów,gmina miejsko-wiejska,2201023,2023,nowy,,,,,,,,,,
15544,pomorskie,bytowski,Bytów,gmina miejsko-wiejska,2201023,2024,nowy,,,,,,,,,,
15545,pomorskie,bytowski,Bytów,gmina miejsko-wiejska,2201023,2025,nowy,,,,,,,,,,
15546,pomorskie,bytowski,Czarna Dąbrówka,gmina wiejska,2201032,2018,nowy,,,,,,,,,,
15547,pomorskie,bytowski,Czarna Dąbrówka,gmina wiejska,2201032,2019,nowy,,,,,,,,,,
15548,pomorskie,bytowski,Czarna Dąbrówka,gmina wiejska,2201032,2020,nowy,,,,,,,,,,
15549,pomorskie,bytowski,Czarna Dąbrówka,gmina wiejska,2201032,2021,nowy,,,,,,,,,,
15550,pomorskie,bytowski,Czarna Dąbrówka,gmina wiejska,2201032,2022,nowy,,,,,,,,,,
15551,pomorskie,bytowski,Czarna Dąbrówka,gmina wiejska,2201032,2023,nowy,,,,,,,,,,
15552,pomorskie,bytowski,Czarna Dąbrówka,gmina wiejska,2201032,2024,nowy,,,,,,,,,,
15553,pomorskie,bytowski,Czarna Dąbrówka,gmina wiejska,2201032,2025,nowy,,,,,,,,,,
15554,pomorskie,bytowski,Kołczygłowy,gmina wiejska,2201042,2018,nowy,,,,,,,,,,
15555,pomorskie,bytowski,Kołczygłowy,gmina wiejska,2201042,2019,nowy,,,,,,,,,,
15556,pomorskie,bytowski,Kołczygłowy,gmina wiejska,2201042,2020,nowy,,,,,,,,,,
15557,pomorskie,bytowski,Kołczygłowy,gmina wiejska,2201042,2021,nowy,,,,,,,,,,
15558,pomorskie,bytowski,Kołczygłowy,gmina wiejska,2201042,2022,nowy,,,,,,,,,,
15559,pomorskie,bytowski,Kołczygłowy,gmina wiejska,2201042,2023,nowy,,,,,,,,,,
15560,pomorskie,bytowski,Kołczygłowy,gmina wiejska,2201042,2024,nowy,,,,,,,,,,
15561,pomorskie,bytowski,Kołczygłowy,gmina wiejska,2201042,2025,nowy,,,,,,,,,,
15562,pomorskie,bytowski,Lipnica,gmina wiejska,2201052,2018,nowy,,,,,,,,,,
15563,pomorskie,bytowski,Lipnica,gmina wiejska,2201052,2019,nowy,,,,,,,,,,
15564,pomorskie,bytowski,Lipnica,gmina wiejska,2201052,2020,nowy,,,,,,,,,,
15565,pomorskie,bytowski,Lipnica,gmina wiejska,2201052,2021,nowy,,,,,,,,,,
15566,pomorskie,bytowski,Lipnica,gmina wiejska,2201052,2022,nowy,,,,,,,,,,
15567,pomorskie,bytowski,Lipnica,gmina wiejska,2201052,2023,nowy,,,,,,,,,,
15568,pomorskie,bytowski,Lipnica,gmina wiejska,2201052,2024,nowy,,,,,,,,,,
15569,pomorskie,bytowski,Lipnica,gmina wiejska,2201052,2025,nowy,,,,,,,,,,
15570,pomorskie,bytowski,Miastko,gmina miejsko-wiejska,2201063,2018,nowy,,,,,,,,,,
15571,pomorskie,bytowski,Miastko,gmina miejsko-wiejska,2201063,2019,nowy,,,,,,,,,,
15572,pomorskie,bytowski,Miastko,gmina miejsko-wiejska,2201063,2020,nowy,,,,,,,,,,
15573,pomorskie,bytowski,Miastko,gmina miejsko-wiejska,2201063,2021,nowy,,,,,,,,,,
15574,pomorskie,bytowski,Miastko,gmina miejsko-wiejska,2201063,2022,nowy,,,,,,,,,,
15575,pomorskie,bytowski,Miastko,gmina miejsko-wiejska,2201063,2023,nowy,,,,,,,,,,
15576,pomorskie,bytowski,Miastko,gmina miejsko-wiejska,2201063,2024,nowy,,,,,,,,,,
15577,pomorskie,bytowski,Miastko,gmina miejsko-wiejska,2201063,2025,nowy,,,,,,,,,,
15578,pomorskie,bytowski,Parchowo,gmina wiejska,2201072,2018,nowy,,,,,,,,,,
15579,pomorskie,bytowski,Parchowo,gmina wiejska,2201072,2019,nowy,,,,,,,,,,
15580,pomorskie,bytowski,Parchowo,gmina wiejska,2201072,2020,nowy,,,,,,,,,,
15581,pomorskie,bytowski,Parchowo,gmina wiejska,2201072,2021,nowy,,,,,,,,,,
15582,pomorskie,bytowski,Parchowo,gmina wiejska,2201072,2022,nowy,,,,,,,,,,
15583,pomorskie,bytowski,Parchowo,gmina wiejska,2201072,2023,nowy,,,,,,,,,,
15584,pomorskie,bytowski,Parchowo,gmina wiejska,2201072,2024,nowy,,,,,,,,,,
15585,pomorskie,bytowski,Parchowo,gmina wiejska,2201072,2025,nowy,,,,,,,,,,
15586,pomorskie,bytowski,Studzienice,gmina wiejska,2201082,2018,nowy,,,,,,,,,,
15587,pomorskie,bytowski,Studzienice,gmina wiejska,2201082,2019,nowy,,,,,,,,,,
15588,pomorskie,bytowski,Studzienice,gmina wiejska,2201082,2020,nowy,,,,,,,,,,
15589,pomorskie,bytowski,Studzienice,gmina wiejska,2201082,2021,nowy,,,,,,,,,,
15590,pomorskie,bytowski,Studzienice,gmina wiejska,2201082,2022,nowy,,,,,,,,,,
15591,pomorskie,bytowski,Studzienice,gmina wiejska,2201082,2023,nowy,,,,,,,,,,
15592,pomorskie,bytowski,Studzienice,gmina wiejska,2201082,2024,nowy,,,,,,,,,,
15593,pomorskie,bytowski,Studzienice,gmina wiejska,2201082,2025,nowy,,,,,,,,,,
15594,pomorskie,bytowski,Trzebielino,gmina wiejska,2201092,2018,nowy,,,,,,,,,,
15595,pomorskie,bytowski,Trzebielino,gmina wiejska,2201092,2019,nowy,,,,,,,,,,
15596,pomorskie,bytowski,Trzebielino,gmina wiejska,2201092,2020,nowy,,,,,,,,,,
15597,pomorskie,bytowski,Trzebielino,gmina wiejska,2201092,2021,nowy,,,,,,,,,,
15598,pomorskie,bytowski,Trzebielino,gmina wiejska,2201092,2022,nowy,,,,,,,,,,
15599,pomorskie,bytowski,Trzebielino,gmina wiejska,2201092,2023,nowy,,,,,,,,,,
15600,pomorskie,bytowski,Trzebielino,gmina wiejska,2201092,2024,nowy,,,,,,,,,,
15601,pomorskie,bytowski,Trzebielino,gmina wiejska,2201092,2025,nowy,,,,,,,,,,
15602,pomorskie,bytowski,Tuchomie,gmina wiejska,2201102,2018,nowy,,,,,,,,,,
15603,pomorskie,bytowski,Tuchomie,gmina wiejska,2201102,2019,nowy,,,,,,,,,,
15604,pomorskie,bytowski,Tuchomie,gmina wiejska,2201102,2020,nowy,,,,,,,,,,
15605,pomorskie,bytowski,Tuchomie,gmina wiejska,2201102,2021,nowy,,,,,,,,,,
15606,pomorskie,bytowski,Tuchomie,gmina wiejska,2201102,2022,nowy,,,,,,,,,,
15607,pomorskie,bytowski,Tuchomie,gmina wiejska,2201102,2023,nowy,,,,,,,,,,
15608,pomorskie,bytowski,Tuchomie,gmina wiejska,2201102,2024,nowy,,,,,,,,,,
15609,pomorskie,bytowski,Tuchomie,gmina wiejska,2201102,2025,nowy,,,,,,,,,,
15610,pomorskie,chojnicki,-,-,2202,2018,nowy,,,,,,,,,,
15611,pomorskie,chojnicki,-,-,2202,2019,nowy,,,,,,,,,,
15612,pomorskie,chojnicki,-,-,2202,2020,nowy,,,,,,,,,,
15613,pomorskie,chojnicki,-,-,2202,2021,nowy,,,,,,,,,,
15614,pomorskie,chojnicki,-,-,2202,2022,nowy,,,,,,,,,,
15615,pomorskie,chojnicki,-,-,2202,2023,nowy,,,,,,,,,,
15616,pomorskie,chojnicki,-,-,2202,2024,nowy,,,,,,,,,,
15617,pomorskie,chojnicki,-,-,2202,2025,nowy,,,,,,,,,,
15618,pomorskie,chojnicki,Chojnice,gmina miejska,2202011,2018,nowy,,,,,,,,,,
15619,pomorskie,chojnicki,Chojnice,gmina miejska,2202011,2019,nowy,,,,,,,,,,
15620,pomorskie,chojnicki,Chojnice,gmina miejska,2202011,2020,nowy,,,,,,,,,,
15621,pomorskie,chojnicki,Chojnice,gmina miejska,2202011,2021,nowy,,,,,,,,,,
15622,pomorskie,chojnicki,Chojnice,gmina miejska,2202011,2022,nowy,,,,,,,,,,
15623,pomorskie,chojnicki,Chojnice,gmina miejska,2202011,2023,nowy,,,,,,,,,,
15624,pomorskie,chojnicki,Chojnice,gmina miejska,2202011,2024,nowy,,,,,,,,,,
15625,pomorskie,chojnicki,Chojnice,gmina miejska,2202011,2025,nowy,,,,,,,,,,
15626,pomorskie,chojnicki,Brusy,gmina miejsko-wiejska,2202023,2018,nowy,,,,,,,,,,
15627,pomorskie,chojnicki,Brusy,gmina miejsko-wiejska,2202023,2019,nowy,,,,,,,,,,
15628,pomorskie,chojnicki,Brusy,gmina miejsko-wiejska,2202023,2020,nowy,,,,,,,,,,
15629,pomorskie,chojnicki,Brusy,gmina miejsko-wiejska,2202023,2021,nowy,,,,,,,,,,
15630,pomorskie,chojnicki,Brusy,gmina miejsko-wiejska,2202023,2022,nowy,,,,,,,,,,
15631,pomorskie,chojnicki,Brusy,gmina miejsko-wiejska,2202023,2023,nowy,,,,,,,,,,
15632,pomorskie,chojnicki,Brusy,gmina miejsko-wiejska,2202023,2024,nowy,,,,,,,,,,
15633,pomorskie,chojnicki,Brusy,gmina miejsko-wiejska,2202023,2025,nowy,,,,,,,,,,
15634,pomorskie,chojnicki,Chojnice,gmina wiejska,2202032,2018,nowy,,,,,,,,,,
15635,pomorskie,chojnicki,Chojnice,gmina wiejska,2202032,2019,nowy,,,,,,,,,,
15636,pomorskie,chojnicki,Chojnice,gmina wiejska,2202032,2020,nowy,,,,,,,,,,
15637,pomorskie,chojnicki,Chojnice,gmina wiejska,2202032,2021,nowy,,,,,,,,,,
15638,pomorskie,chojnicki,Chojnice,gmina wiejska,2202032,2022,nowy,,,,,,,,,,
15639,pomorskie,chojnicki,Chojnice,gmina wiejska,2202032,2023,nowy,,,,,,,,,,
15640,pomorskie,chojnicki,Chojnice,gmina wiejska,2202032,2024,nowy,,,,,,,,,,
15641,pomorskie,chojnicki,Chojnice,gmina wiejska,2202032,2025,nowy,,,,,,,,,,
15642,pomorskie,chojnicki,Czersk,gmina miejsko-wiejska,2202043,2018,nowy,,,,,,,,,,
15643,pomorskie,chojnicki,Czersk,gmina miejsko-wiejska,2202043,2019,nowy,,,,,,,,,,
15644,pomorskie,chojnicki,Czersk,gmina miejsko-wiejska,2202043,2020,nowy,,,,,,,,,,
15645,pomorskie,chojnicki,Czersk,gmina miejsko-wiejska,2202043,2021,nowy,,,,,,,,,,
15646,pomorskie,chojnicki,Czersk,gmina miejsko-wiejska,2202043,2022,nowy,,,,,,,,,,
15647,pomorskie,chojnicki,Czersk,gmina miejsko-wiejska,2202043,2023,nowy,,,,,,,,,,
15648,pomorskie,chojnicki,Czersk,gmina miejsko-wiejska,2202043,2024,nowy,,,,,,,,,,
15649,pomorskie,chojnicki,Czersk,gmina miejsko-wiejska,2202043,2025,nowy,,,,,,,,,,
15650,pomorskie,chojnicki,Konarzyny,gmina wiejska,2202052,2018,nowy,,,,,,,,,,
15651,pomorskie,chojnicki,Konarzyny,gmina wiejska,2202052,2019,nowy,,,,,,,,,,
15652,pomorskie,chojnicki,Konarzyny,gmina wiejska,2202052,2020,nowy,,,,,,,,,,
15653,pomorskie,chojnicki,Konarzyny,gmina wiejska,2202052,2021,nowy,,,,,,,,,,
15654,pomorskie,chojnicki,Konarzyny,gmina wiejska,2202052,2022,nowy,,,,,,,,,,
15655,pomorskie,chojnicki,Konarzyny,gmina wiejska,2202052,2023,nowy,,,,,,,,,,
15656,pomorskie,chojnicki,Konarzyny,gmina wiejska,2202052,2024,nowy,,,,,,,,,,
15657,pomorskie,chojnicki,Konarzyny,gmina wiejska,2202052,2025,nowy,,,,,,,,,,
15658,pomorskie,człuchowski,-,-,2203,2018,nowy,,,,,,,,,,
15659,pomorskie,człuchowski,-,-,2203,2019,nowy,,,,,,,,,,
15660,pomorskie,człuchowski,-,-,2203,2020,nowy,,,,,,,,,,
15661,pomorskie,człuchowski,-,-,2203,2021,nowy,,,,,,,,,,
15662,pomorskie,człuchowski,-,-,2203,2022,nowy,,,,,,,,,,
15663,pomorskie,człuchowski,-,-,2203,2023,nowy,,,,,,,,,,
15664,pomorskie,człuchowski,-,-,2203,2024,nowy,,,,,,,,,,
15665,pomorskie,człuchowski,-,-,2203,2025,nowy,,,,,,,,,,
15666,pomorskie,człuchowski,Człuchów,gmina miejska,2203011,2018,nowy,,,,,,,,,,
15667,pomorskie,człuchowski,Człuchów,gmina miejska,2203011,2019,nowy,,,,,,,,,,
15668,pomorskie,człuchowski,Człuchów,gmina miejska,2203011,2020,nowy,,,,,,,,,,
15669,pomorskie,człuchowski,Człuchów,gmina miejska,2203011,2021,nowy,,,,,,,,,,
15670,pomorskie,człuchowski,Człuchów,gmina miejska,2203011,2022,nowy,,,,,,,,,,
15671,pomorskie,człuchowski,Człuchów,gmina miejska,2203011,2023,nowy,,,,,,,,,,
15672,pomorskie,człuchowski,Człuchów,gmina miejska,2203011,2024,nowy,,,,,,,,,,
15673,pomorskie,człuchowski,Człuchów,gmina miejska,2203011,2025,nowy,,,,,,,,,,
15674,pomorskie,człuchowski,Czarne,gmina miejsko-wiejska,2203023,2018,nowy,,,,,,,,,,
15675,pomorskie,człuchowski,Czarne,gmina miejsko-wiejska,2203023,2019,nowy,,,,,,,,,,
15676,pomorskie,człuchowski,Czarne,gmina miejsko-wiejska,2203023,2020,nowy,,,,,,,,,,
15677,pomorskie,człuchowski,Czarne,gmina miejsko-wiejska,2203023,2021,nowy,,,,,,,,,,
15678,pomorskie,człuchowski,Czarne,gmina miejsko-wiejska,2203023,2022,nowy,,,,,,,,,,
15679,pomorskie,człuchowski,Czarne,gmina miejsko-wiejska,2203023,2023,nowy,,,,,,,,,,
15680,pomorskie,człuchowski,Czarne,gmina miejsko-wiejska,2203023,2024,nowy,,,,,,,,,,
15681,pomorskie,człuchowski,Czarne,gmina miejsko-wiejska,2203023,2025,nowy,,,,,,,,,,
15682,pomorskie,człuchowski,Człuchów,gmina wiejska,2203032,2018,nowy,,,,,,,,,,
15683,pomorskie,człuchowski,Człuchów,gmina wiejska,2203032,2019,nowy,,,,,,,,,,
15684,pomorskie,człuchowski,Człuchów,gmina wiejska,2203032,2020,nowy,,,,,,,,,,
15685,pomorskie,człuchowski,Człuchów,gmina wiejska,2203032,2021,nowy,,,,,,,,,,
15686,pomorskie,człuchowski,Człuchów,gmina wiejska,2203032,2022,nowy,,,,,,,,,,
15687,pomorskie,człuchowski,Człuchów,gmina wiejska,2203032,2023,nowy,,,,,,,,,,
15688,pomorskie,człuchowski,Człuchów,gmina wiejska,2203032,2024,nowy,,,,,,,,,,
15689,pomorskie,człuchowski,Człuchów,gmina wiejska,2203032,2025,nowy,,,,,,,,,,
15690,pomorskie,człuchowski,Debrzno,gmina miejsko-wiejska,2203043,2018,nowy,,,,,,,,,,
15691,pomorskie,człuchowski,Debrzno,gmina miejsko-wiejska,2203043,2019,nowy,,,,,,,,,,
15692,pomorskie,człuchowski,Debrzno,gmina miejsko-wiejska,2203043,2020,nowy,,,,,,,,,,
15693,pomorskie,człuchowski,Debrzno,gmina miejsko-wiejska,2203043,2021,nowy,,,,,,,,,,
15694,pomorskie,człuchowski,Debrzno,gmina miejsko-wiejska,2203043,2022,nowy,,,,,,,,,,
15695,pomorskie,człuchowski,Debrzno,gmina miejsko-wiejska,2203043,2023,nowy,,,,,,,,,,
15696,pomorskie,człuchowski,Debrzno,gmina miejsko-wiejska,2203043,2024,nowy,,,,,,,,,,
15697,pomorskie,człuchowski,Debrzno,gmina miejsko-wiejska,2203043,2025,nowy,,,,,,,,,,
15698,pomorskie,człuchowski,Koczała,gmina wiejska,2203052,2018,nowy,,,,,,,,,,
15699,pomorskie,człuchowski,Koczała,gmina wiejska,2203052,2019,nowy,,,,,,,,,,
15700,pomorskie,człuchowski,Koczała,gmina wiejska,2203052,2020,nowy,,,,,,,,,,
15701,pomorskie,człuchowski,Koczała,gmina wiejska,2203052,2021,nowy,,,,,,,,,,
15702,pomorskie,człuchowski,Koczała,gmina wiejska,2203052,2022,nowy,,,,,,,,,,
15703,pomorskie,człuchowski,Koczała,gmina wiejska,2203052,2023,nowy,,,,,,,,,,
15704,pomorskie,człuchowski,Koczała,gmina wiejska,2203052,2024,nowy,,,,,,,,,,
15705,pomorskie,człuchowski,Koczała,gmina wiejska,2203052,2025,nowy,,,,,,,,,,
15706,pomorskie,człuchowski,Przechlewo,gmina wiejska,2203062,2018,nowy,,,,,,,,,,
15707,pomorskie,człuchowski,Przechlewo,gmina wiejska,2203062,2019,nowy,,,,,,,,,,
15708,pomorskie,człuchowski,Przechlewo,gmina wiejska,2203062,2020,nowy,,,,,,,,,,
15709,pomorskie,człuchowski,Przechlewo,gmina wiejska,2203062,2021,nowy,,,,,,,,,,
15710,pomorskie,człuchowski,Przechlewo,gmina wiejska,2203062,2022,nowy,,,,,,,,,,
15711,pomorskie,człuchowski,Przechlewo,gmina wiejska,2203062,2023,nowy,,,,,,,,,,
15712,pomorskie,człuchowski,Przechlewo,gmina wiejska,2203062,2024,nowy,,,,,,,,,,
15713,pomorskie,człuchowski,Przechlewo,gmina wiejska,2203062,2025,nowy,,,,,,,,,,
15714,pomorskie,człuchowski,Rzeczenica,gmina wiejska,2203072,2018,nowy,,,,,,,,,,
15715,pomorskie,człuchowski,Rzeczenica,gmina wiejska,2203072,2019,nowy,,,,,,,,,,
15716,pomorskie,człuchowski,Rzeczenica,gmina wiejska,2203072,2020,nowy,,,,,,,,,,
15717,pomorskie,człuchowski,Rzeczenica,gmina wiejska,2203072,2021,nowy,,,,,,,,,,
15718,pomorskie,człuchowski,Rzeczenica,gmina wiejska,2203072,2022,nowy,,,,,,,,,,
15719,pomorskie,człuchowski,Rzeczenica,gmina wiejska,2203072,2023,nowy,,,,,,,,,,
15720,pomorskie,człuchowski,Rzeczenica,gmina wiejska,2203072,2024,nowy,,,,,,,,,,
15721,pomorskie,człuchowski,Rzeczenica,gmina wiejska,2203072,2025,nowy,,,,,,,,,,
15722,pomorskie,gdański,-,-,2204,2018,nowy,,,,,,,,,,
15723,pomorskie,gdański,-,-,2204,2019,nowy,,,,,,,,,,
15724,pomorskie,gdański,-,-,2204,2020,nowy,,,,,,,,,,
15725,pomorskie,gdański,-,-,2204,2021,nowy,,,,,,,,,,
15726,pomorskie,gdański,-,-,2204,2022,nowy,,,,,,,,,,
15727,pomorskie,gdański,-,-,2204,2023,nowy,,,,,,,,,,
15728,pomorskie,gdański,-,-,2204,2024,nowy,,,,,,,,,,
15729,pomorskie,gdański,-,-,2204,2025,nowy,,,,,,,,,,
15730,pomorskie,gdański,Pruszcz Gdański,gmina miejska,2204011,2018,nowy,,,,,,,,,,
15731,pomorskie,gdański,Pruszcz Gdański,gmina miejska,2204011,2019,nowy,,,,,,,,,,
15732,pomorskie,gdański,Pruszcz Gdański,gmina miejska,2204011,2020,nowy,,,,,,,,,,
15733,pomorskie,gdański,Pruszcz Gdański,gmina miejska,2204011,2021,nowy,,,,,,,,,,
15734,pomorskie,gdański,Pruszcz Gdański,gmina miejska,2204011,2022,nowy,,,,,,,,,,
15735,pomorskie,gdański,Pruszcz Gdański,gmina miejska,2204011,2023,nowy,,,,,,,,,,
15736,pomorskie,gdański,Pruszcz Gdański,gmina miejska,2204011,2024,nowy,,,,,,,,,,
15737,pomorskie,gdański,Pruszcz Gdański,gmina miejska,2204011,2025,nowy,,,,,,,,,,
15738,pomorskie,gdański,Cedry Wielkie,gmina wiejska,2204022,2018,nowy,,,,,,,,,,
15739,pomorskie,gdański,Cedry Wielkie,gmina wiejska,2204022,2019,nowy,,,,,,,,,,
15740,pomorskie,gdański,Cedry Wielkie,gmina wiejska,2204022,2020,nowy,,,,,,,,,,
15741,pomorskie,gdański,Cedry Wielkie,gmina wiejska,2204022,2021,nowy,,,,,,,,,,
15742,pomorskie,gdański,Cedry Wielkie,gmina wiejska,2204022,2022,nowy,,,,,,,,,,
15743,pomorskie,gdański,Cedry Wielkie,gmina wiejska,2204022,2023,nowy,,,,,,,,,,
15744,pomorskie,gdański,Cedry Wielkie,gmina wiejska,2204022,2024,nowy,,,,,,,,,,
15745,pomorskie,gdański,Cedry Wielkie,gmina wiejska,2204022,2025,nowy,,,,,,,,,,
15746,pomorskie,gdański,Kolbudy,gmina wiejska,2204032,2018,nowy,,,,,,,,,,
15747,pomorskie,gdański,Kolbudy,gmina wiejska,2204032,2019,nowy,,,,,,,,,,
15748,pomorskie,gdański,Kolbudy,gmina wiejska,2204032,2020,nowy,,,,,,,,,,
15749,pomorskie,gdański,Kolbudy,gmina wiejska,2204032,2021,nowy,,,,,,,,,,
15750,pomorskie,gdański,Kolbudy,gmina wiejska,2204032,2022,nowy,,,,,,,,,,
15751,pomorskie,gdański,Kolbudy,gmina wiejska,2204032,2023,nowy,,,,,,,,,,
15752,pomorskie,gdański,Kolbudy,gmina wiejska,2204032,2024,nowy,,,,,,,,,,
15753,pomorskie,gdański,Kolbudy,gmina wiejska,2204032,2025,nowy,,,,,,,,,,
15754,pomorskie,gdański,Pruszcz Gdański,gmina wiejska,2204042,2018,nowy,,,,,,,,,,
15755,pomorskie,gdański,Pruszcz Gdański,gmina wiejska,2204042,2019,nowy,,,,,,,,,,
15756,pomorskie,gdański,Pruszcz Gdański,gmina wiejska,2204042,2020,nowy,,,,,,,,,,
15757,pomorskie,gdański,Pruszcz Gdański,gmina wiejska,2204042,2021,nowy,,,,,,,,,,
15758,pomorskie,gdański,Pruszcz Gdański,gmina wiejska,2204042,2022,nowy,,,,,,,,,,
15759,pomorskie,gdański,Pruszcz Gdański,gmina wiejska,2204042,2023,nowy,,,,,,,,,,
15760,pomorskie,gdański,Pruszcz Gdański,gmina wiejska,2204042,2024,nowy,,,,,,,,,,
15761,pomorskie,gdański,Pruszcz Gdański,gmina wiejska,2204042,2025,nowy,,,,,,,,,,
15762,pomorskie,gdański,Przywidz,gmina wiejska,2204052,2018,nowy,,,,,,,,,,
15763,pomorskie,gdański,Przywidz,gmina wiejska,2204052,2019,nowy,,,,,,,,,,
15764,pomorskie,gdański,Przywidz,gmina wiejska,2204052,2020,nowy,,,,,,,,,,
15765,pomorskie,gdański,Przywidz,gmina wiejska,2204052,2021,nowy,,,,,,,,,,
15766,pomorskie,gdański,Przywidz,gmina wiejska,2204052,2022,nowy,,,,,,,,,,
15767,pomorskie,gdański,Przywidz,gmina wiejska,2204052,2023,nowy,,,,,,,,,,
15768,pomorskie,gdański,Przywidz,gmina wiejska,2204052,2024,nowy,,,,,,,,,,
15769,pomorskie,gdański,Przywidz,gmina wiejska,2204052,2025,nowy,,,,,,,,,,
15770,pomorskie,gdański,Pszczółki,gmina wiejska,2204062,2018,nowy,,,,,,,,,,
15771,pomorskie,gdański,Pszczółki,gmina wiejska,2204062,2019,nowy,,,,,,,,,,
15772,pomorskie,gdański,Pszczółki,gmina wiejska,2204062,2020,nowy,,,,,,,,,,
15773,pomorskie,gdański,Pszczółki,gmina wiejska,2204062,2021,nowy,,,,,,,,,,
15774,pomorskie,gdański,Pszczółki,gmina wiejska,2204062,2022,nowy,,,,,,,,,,
15775,pomorskie,gdański,Pszczółki,gmina wiejska,2204062,2023,nowy,,,,,,,,,,
15776,pomorskie,gdański,Pszczółki,gmina wiejska,2204062,2024,nowy,,,,,,,,,,
15777,pomorskie,gdański,Pszczółki,gmina wiejska,2204062,2025,nowy,,,,,,,,,,
15778,pomorskie,gdański,Suchy Dąb,gmina wiejska,2204072,2018,nowy,,,,,,,,,,
15779,pomorskie,gdański,Suchy Dąb,gmina wiejska,2204072,2019,nowy,,,,,,,,,,
15780,pomorskie,gdański,Suchy Dąb,gmina wiejska,2204072,2020,nowy,,,,,,,,,,
15781,pomorskie,gdański,Suchy Dąb,gmina wiejska,2204072,2021,nowy,,,,,,,,,,
15782,pomorskie,gdański,Suchy Dąb,gmina wiejska,2204072,2022,nowy,,,,,,,,,,
15783,pomorskie,gdański,Suchy Dąb,gmina wiejska,2204072,2023,nowy,,,,,,,,,,
15784,pomorskie,gdański,Suchy Dąb,gmina wiejska,2204072,2024,nowy,,,,,,,,,,
15785,pomorskie,gdański,Suchy Dąb,gmina wiejska,2204072,2025,nowy,,,,,,,,,,
15786,pomorskie,gdański,Trąbki Wielkie,gmina wiejska,2204082,2018,nowy,,,,,,,,,,
15787,pomorskie,gdański,Trąbki Wielkie,gmina wiejska,2204082,2019,nowy,,,,,,,,,,
15788,pomorskie,gdański,Trąbki Wielkie,gmina wiejska,2204082,2020,nowy,,,,,,,,,,
15789,pomorskie,gdański,Trąbki Wielkie,gmina wiejska,2204082,2021,nowy,,,,,,,,,,
15790,pomorskie,gdański,Trąbki Wielkie,gmina wiejska,2204082,2022,nowy,,,,,,,,,,
15791,pomorskie,gdański,Trąbki Wielkie,gmina wiejska,2204082,2023,nowy,,,,,,,,,,
15792,pomorskie,gdański,Trąbki Wielkie,gmina wiejska,2204082,2024,nowy,,,,,,,,,,
15793,pomorskie,gdański,Trąbki Wielkie,gmina wiejska,2204082,2025,nowy,,,,,,,,,,
15794,pomorskie,kartuski,-,-,2205,2018,nowy,,,,,,,,,,
15795,pomorskie,kartuski,-,-,2205,2019,nowy,,,,,,,,,,
15796,pomorskie,kartuski,-,-,2205,2020,nowy,,,,,,,,,,
15797,pomorskie,kartuski,-,-,2205,2021,nowy,,,,,,,,,,
15798,pomorskie,kartuski,-,-,2205,2022,nowy,,,,,,,,,,
15799,pomorskie,kartuski,-,-,2205,2023,nowy,,,,,,,,,,
15800,pomorskie,kartuski,-,-,2205,2024,nowy,,,,,,,,,,
15801,pomorskie,kartuski,-,-,2205,2025,nowy,,,,,,,,,,
15802,pomorskie,kartuski,Chmielno,gmina wiejska,2205012,2018,nowy,,,,,,,,,,
15803,pomorskie,kartuski,Chmielno,gmina wiejska,2205012,2019,nowy,,,,,,,,,,
15804,pomorskie,kartuski,Chmielno,gmina wiejska,2205012,2020,nowy,,,,,,,,,,
15805,pomorskie,kartuski,Chmielno,gmina wiejska,2205012,2021,nowy,,,,,,,,,,
15806,pomorskie,kartuski,Chmielno,gmina wiejska,2205012,2022,nowy,,,,,,,,,,
15807,pomorskie,kartuski,Chmielno,gmina wiejska,2205012,2023,nowy,,,,,,,,,,
15808,pomorskie,kartuski,Chmielno,gmina wiejska,2205012,2024,nowy,,,,,,,,,,
15809,pomorskie,kartuski,Chmielno,gmina wiejska,2205012,2025,nowy,,,,,,,,,,
15810,pomorskie,kartuski,Kartuzy,gmina miejsko-wiejska,2205023,2018,nowy,,,,,,,,,,
15811,pomorskie,kartuski,Kartuzy,gmina miejsko-wiejska,2205023,2019,nowy,,,,,,,,,,
15812,pomorskie,kartuski,Kartuzy,gmina miejsko-wiejska,2205023,2020,nowy,,,,,,,,,,
15813,pomorskie,kartuski,Kartuzy,gmina miejsko-wiejska,2205023,2021,nowy,,,,,,,,,,
15814,pomorskie,kartuski,Kartuzy,gmina miejsko-wiejska,2205023,2022,nowy,,,,,,,,,,
15815,pomorskie,kartuski,Kartuzy,gmina miejsko-wiejska,2205023,2023,nowy,,,,,,,,,,
15816,pomorskie,kartuski,Kartuzy,gmina miejsko-wiejska,2205023,2024,nowy,,,,,,,,,,
15817,pomorskie,kartuski,Kartuzy,gmina miejsko-wiejska,2205023,2025,nowy,,,,,,,,,,
15818,pomorskie,kartuski,Przodkowo,gmina wiejska,2205032,2018,nowy,,,,,,,,,,
15819,pomorskie,kartuski,Przodkowo,gmina wiejska,2205032,2019,nowy,,,,,,,,,,
15820,pomorskie,kartuski,Przodkowo,gmina wiejska,2205032,2020,nowy,,,,,,,,,,
15821,pomorskie,kartuski,Przodkowo,gmina wiejska,2205032,2021,nowy,,,,,,,,,,
15822,pomorskie,kartuski,Przodkowo,gmina wiejska,2205032,2022,nowy,,,,,,,,,,
15823,pomorskie,kartuski,Przodkowo,gmina wiejska,2205032,2023,nowy,,,,,,,,,,
15824,pomorskie,kartuski,Przodkowo,gmina wiejska,2205032,2024,nowy,,,,,,,,,,
15825,pomorskie,kartuski,Przodkowo,gmina wiejska,2205032,2025,nowy,,,,,,,,,,
15826,pomorskie,kartuski,Sierakowice,gmina wiejska,2205042,2018,nowy,,,,,,,,,,
15827,pomorskie,kartuski,Sierakowice,gmina wiejska,2205042,2019,nowy,,,,,,,,,,
15828,pomorskie,kartuski,Sierakowice,gmina wiejska,2205042,2020,nowy,,,,,,,,,,
15829,pomorskie,kartuski,Sierakowice,gmina wiejska,2205042,2021,nowy,,,,,,,,,,
15830,pomorskie,kartuski,Sierakowice,gmina wiejska,2205042,2022,nowy,,,,,,,,,,
15831,pomorskie,kartuski,Sierakowice,gmina wiejska,2205042,2023,nowy,,,,,,,,,,
15832,pomorskie,kartuski,Sierakowice,gmina wiejska,2205042,2024,nowy,,,,,,,,,,
15833,pomorskie,kartuski,Sierakowice,gmina wiejska,2205042,2025,nowy,,,,,,,,,,
15834,pomorskie,kartuski,Somonino,gmina wiejska,2205052,2018,nowy,,,,,,,,,,
15835,pomorskie,kartuski,Somonino,gmina wiejska,2205052,2019,nowy,,,,,,,,,,
15836,pomorskie,kartuski,Somonino,gmina wiejska,2205052,2020,nowy,,,,,,,,,,
15837,pomorskie,kartuski,Somonino,gmina wiejska,2205052,2021,nowy,,,,,,,,,,
15838,pomorskie,kartuski,Somonino,gmina wiejska,2205052,2022,nowy,,,,,,,,,,
15839,pomorskie,kartuski,Somonino,gmina wiejska,2205052,2023,nowy,,,,,,,,,,
15840,pomorskie,kartuski,Somonino,gmina wiejska,2205052,2024,nowy,,,,,,,,,,
15841,pomorskie,kartuski,Somonino,gmina wiejska,2205052,2025,nowy,,,,,,,,,,
15842,pomorskie,kartuski,Stężyca,gmina wiejska,2205062,2018,nowy,,,,,,,,,,
15843,pomorskie,kartuski,Stężyca,gmina wiejska,2205062,2019,nowy,,,,,,,,,,
15844,pomorskie,kartuski,Stężyca,gmina wiejska,2205062,2020,nowy,,,,,,,,,,
15845,pomorskie,kartuski,Stężyca,gmina wiejska,2205062,2021,nowy,,,,,,,,,,
15846,pomorskie,kartuski,Stężyca,gmina wiejska,2205062,2022,nowy,,,,,,,,,,
15847,pomorskie,kartuski,Stężyca,gmina wiejska,2205062,2023,nowy,,,,,,,,,,
15848,pomorskie,kartuski,Stężyca,gmina wiejska,2205062,2024,nowy,,,,,,,,,,
15849,pomorskie,kartuski,Stężyca,gmina wiejska,2205062,2025,nowy,,,,,,,,,,
15850,pomorskie,kartuski,Sulęczyno,gmina wiejska,2205072,2018,nowy,,,,,,,,,,
15851,pomorskie,kartuski,Sulęczyno,gmina wiejska,2205072,2019,nowy,,,,,,,,,,
15852,pomorskie,kartuski,Sulęczyno,gmina wiejska,2205072,2020,nowy,,,,,,,,,,
15853,pomorskie,kartuski,Sulęczyno,gmina wiejska,2205072,2021,nowy,,,,,,,,,,
15854,pomorskie,kartuski,Sulęczyno,gmina wiejska,2205072,2022,nowy,,,,,,,,,,
15855,pomorskie,kartuski,Sulęczyno,gmina wiejska,2205072,2023,nowy,,,,,,,,,,
15856,pomorskie,kartuski,Sulęczyno,gmina wiejska,2205072,2024,nowy,,,,,,,,,,
15857,pomorskie,kartuski,Sulęczyno,gmina wiejska,2205072,2025,nowy,,,,,,,,,,
15858,pomorskie,kartuski,Żukowo,gmina miejsko-wiejska,2205083,2018,nowy,,,,,,,,,,
15859,pomorskie,kartuski,Żukowo,gmina miejsko-wiejska,2205083,2019,nowy,,,,,,,,,,
15860,pomorskie,kartuski,Żukowo,gmina miejsko-wiejska,2205083,2020,nowy,,,,,,,,,,
15861,pomorskie,kartuski,Żukowo,gmina miejsko-wiejska,2205083,2021,nowy,,,,,,,,,,
15862,pomorskie,kartuski,Żukowo,gmina miejsko-wiejska,2205083,2022,nowy,,,,,,,,,,
15863,pomorskie,kartuski,Żukowo,gmina miejsko-wiejska,2205083,2023,nowy,,,,,,,,,,
15864,pomorskie,kartuski,Żukowo,gmina miejsko-wiejska,2205083,2024,nowy,,,,,,,,,,
15865,pomorskie,kartuski,Żukowo,gmina miejsko-wiejska,2205083,2025,nowy,,,,,,,,,,
15866,pomorskie,kościerski,-,-,2206,2018,nowy,,,,,,,,,,
15867,pomorskie,kościerski,-,-,2206,2019,nowy,,,,,,,,,,
15868,pomorskie,kościerski,-,-,2206,2020,nowy,,,,,,,,,,
15869,pomorskie,kościerski,-,-,2206,2021,nowy,,,,,,,,,,
15870,pomorskie,kościerski,-,-,2206,2022,nowy,,,,,,,,,,
15871,pomorskie,kościerski,-,-,2206,2023,nowy,,,,,,,,,,
15872,pomorskie,kościerski,-,-,2206,2024,nowy,,,,,,,,,,
15873,pomorskie,kościerski,-,-,2206,2025,nowy,,,,,,,,,,
15874,pomorskie,kościerski,Kościerzyna,gmina miejska,2206011,2018,nowy,,,,,,,,,,
15875,pomorskie,kościerski,Kościerzyna,gmina miejska,2206011,2019,nowy,,,,,,,,,,
15876,pomorskie,kościerski,Kościerzyna,gmina miejska,2206011,2020,nowy,,,,,,,,,,
15877,pomorskie,kościerski,Kościerzyna,gmina miejska,2206011,2021,nowy,,,,,,,,,,
15878,pomorskie,kościerski,Kościerzyna,gmina miejska,2206011,2022,nowy,,,,,,,,,,
15879,pomorskie,kościerski,Kościerzyna,gmina miejska,2206011,2023,nowy,,,,,,,,,,
15880,pomorskie,kościerski,Kościerzyna,gmina miejska,2206011,2024,nowy,,,,,,,,,,
15881,pomorskie,kościerski,Kościerzyna,gmina miejska,2206011,2025,nowy,,,,,,,,,,
15882,pomorskie,kościerski,Dziemiany,gmina wiejska,2206022,2018,nowy,,,,,,,,,,
15883,pomorskie,kościerski,Dziemiany,gmina wiejska,2206022,2019,nowy,,,,,,,,,,
15884,pomorskie,kościerski,Dziemiany,gmina wiejska,2206022,2020,nowy,,,,,,,,,,
15885,pomorskie,kościerski,Dziemiany,gmina wiejska,2206022,2021,nowy,,,,,,,,,,
15886,pomorskie,kościerski,Dziemiany,gmina wiejska,2206022,2022,nowy,,,,,,,,,,
15887,pomorskie,kościerski,Dziemiany,gmina wiejska,2206022,2023,nowy,,,,,,,,,,
15888,pomorskie,kościerski,Dziemiany,gmina wiejska,2206022,2024,nowy,,,,,,,,,,
15889,pomorskie,kościerski,Dziemiany,gmina wiejska,2206022,2025,nowy,,,,,,,,,,
15890,pomorskie,kościerski,Karsin,gmina wiejska,2206032,2018,nowy,,,,,,,,,,
15891,pomorskie,kościerski,Karsin,gmina wiejska,2206032,2019,nowy,,,,,,,,,,
15892,pomorskie,kościerski,Karsin,gmina wiejska,2206032,2020,nowy,,,,,,,,,,
15893,pomorskie,kościerski,Karsin,gmina wiejska,2206032,2021,nowy,,,,,,,,,,
15894,pomorskie,kościerski,Karsin,gmina wiejska,2206032,2022,nowy,,,,,,,,,,
15895,pomorskie,kościerski,Karsin,gmina wiejska,2206032,2023,nowy,,,,,,,,,,
15896,pomorskie,kościerski,Karsin,gmina wiejska,2206032,2024,nowy,,,,,,,,,,
15897,pomorskie,kościerski,Karsin,gmina wiejska,2206032,2025,nowy,,,,,,,,,,
15898,pomorskie,kościerski,Kościerzyna,gmina wiejska,2206042,2018,nowy,,,,,,,,,,
15899,pomorskie,kościerski,Kościerzyna,gmina wiejska,2206042,2019,nowy,,,,,,,,,,
15900,pomorskie,kościerski,Kościerzyna,gmina wiejska,2206042,2020,nowy,,,,,,,,,,
15901,pomorskie,kościerski,Kościerzyna,gmina wiejska,2206042,2021,nowy,,,,,,,,,,
15902,pomorskie,kościerski,Kościerzyna,gmina wiejska,2206042,2022,nowy,,,,,,,,,,
15903,pomorskie,kościerski,Kościerzyna,gmina wiejska,2206042,2023,nowy,,,,,,,,,,
15904,pomorskie,kościerski,Kościerzyna,gmina wiejska,2206042,2024,nowy,,,,,,,,,,
15905,pomorskie,kościerski,Kościerzyna,gmina wiejska,2206042,2025,nowy,,,,,,,,,,
15906,pomorskie,kościerski,Liniewo,gmina wiejska,2206052,2018,nowy,,,,,,,,,,
15907,pomorskie,kościerski,Liniewo,gmina wiejska,2206052,2019,nowy,,,,,,,,,,
15908,pomorskie,kościerski,Liniewo,gmina wiejska,2206052,2020,nowy,,,,,,,,,,
15909,pomorskie,kościerski,Liniewo,gmina wiejska,2206052,2021,nowy,,,,,,,,,,
15910,pomorskie,kościerski,Liniewo,gmina wiejska,2206052,2022,nowy,,,,,,,,,,
15911,pomorskie,kościerski,Liniewo,gmina wiejska,2206052,2023,nowy,,,,,,,,,,
15912,pomorskie,kościerski,Liniewo,gmina wiejska,2206052,2024,nowy,,,,,,,,,,
15913,pomorskie,kościerski,Liniewo,gmina wiejska,2206052,2025,nowy,,,,,,,,,,
15914,pomorskie,kościerski,Lipusz,gmina wiejska,2206062,2018,nowy,,,,,,,,,,
15915,pomorskie,kościerski,Lipusz,gmina wiejska,2206062,2019,nowy,,,,,,,,,,
15916,pomorskie,kościerski,Lipusz,gmina wiejska,2206062,2020,nowy,,,,,,,,,,
15917,pomorskie,kościerski,Lipusz,gmina wiejska,2206062,2021,nowy,,,,,,,,,,
15918,pomorskie,kościerski,Lipusz,gmina wiejska,2206062,2022,nowy,,,,,,,,,,
15919,pomorskie,kościerski,Lipusz,gmina wiejska,2206062,2023,nowy,,,,,,,,,,
15920,pomorskie,kościerski,Lipusz,gmina wiejska,2206062,2024,nowy,,,,,,,,,,
15921,pomorskie,kościerski,Lipusz,gmina wiejska,2206062,2025,nowy,,,,,,,,,,
15922,pomorskie,kościerski,Nowa Karczma,gmina wiejska,2206072,2018,nowy,,,,,,,,,,
15923,pomorskie,kościerski,Nowa Karczma,gmina wiejska,2206072,2019,nowy,,,,,,,,,,
15924,pomorskie,kościerski,Nowa Karczma,gmina wiejska,2206072,2020,nowy,,,,,,,,,,
15925,pomorskie,kościerski,Nowa Karczma,gmina wiejska,2206072,2021,nowy,,,,,,,,,,
15926,pomorskie,kościerski,Nowa Karczma,gmina wiejska,2206072,2022,nowy,,,,,,,,,,
15927,pomorskie,kościerski,Nowa Karczma,gmina wiejska,2206072,2023,nowy,,,,,,,,,,
15928,pomorskie,kościerski,Nowa Karczma,gmina wiejska,2206072,2024,nowy,,,,,,,,,,
15929,pomorskie,kościerski,Nowa Karczma,gmina wiejska,2206072,2025,nowy,,,,,,,,,,
15930,pomorskie,kościerski,Stara Kiszewa,gmina wiejska,2206082,2018,nowy,,,,,,,,,,
15931,pomorskie,kościerski,Stara Kiszewa,gmina wiejska,2206082,2019,nowy,,,,,,,,,,
15932,pomorskie,kościerski,Stara Kiszewa,gmina wiejska,2206082,2020,nowy,,,,,,,,,,
15933,pomorskie,kościerski,Stara Kiszewa,gmina wiejska,2206082,2021,nowy,,,,,,,,,,
15934,pomorskie,kościerski,Stara Kiszewa,gmina wiejska,2206082,2022,nowy,,,,,,,,,,
15935,pomorskie,kościerski,Stara Kiszewa,gmina wiejska,2206082,2023,nowy,,,,,,,,,,
15936,pomorskie,kościerski,Stara Kiszewa,gmina wiejska,2206082,2024,nowy,,,,,,,,,,
15937,pomorskie,kościerski,Stara Kiszewa,gmina wiejska,2206082,2025,nowy,,,,,,,,,,
15938,pomorskie,kwidzyński,-,-,2207,2018,nowy,,,,,,,,,,
15939,pomorskie,kwidzyński,-,-,2207,2019,nowy,,,,,,,,,,
15940,pomorskie,kwidzyński,-,-,2207,2020,nowy,,,,,,,,,,
15941,pomorskie,kwidzyński,-,-,2207,2021,nowy,,,,,,,,,,
15942,pomorskie,kwidzyński,-,-,2207,2022,nowy,,,,,,,,,,
15943,pomorskie,kwidzyński,-,-,2207,2023,nowy,,,,,,,,,,
15944,pomorskie,kwidzyński,-,-,2207,2024,nowy,,,,,,,,,,
15945,pomorskie,kwidzyński,-,-,2207,2025,nowy,,,,,,,,,,
15946,pomorskie,kwidzyński,Kwidzyn,gmina miejska,2207011,2018,nowy,,,,,,,,,,
15947,pomorskie,kwidzyński,Kwidzyn,gmina miejska,2207011,2019,nowy,,,,,,,,,,
15948,pomorskie,kwidzyński,Kwidzyn,gmina miejska,2207011,2020,nowy,,,,,,,,,,
15949,pomorskie,kwidzyński,Kwidzyn,gmina miejska,2207011,2021,nowy,,,,,,,,,,
15950,pomorskie,kwidzyński,Kwidzyn,gmina miejska,2207011,2022,nowy,,,,,,,,,,
15951,pomorskie,kwidzyński,Kwidzyn,gmina miejska,2207011,2023,nowy,,,,,,,,,,
15952,pomorskie,kwidzyński,Kwidzyn,gmina miejska,2207011,2024,nowy,,,,,,,,,,
15953,pomorskie,kwidzyński,Kwidzyn,gmina miejska,2207011,2025,nowy,,,,,,,,,,
15954,pomorskie,kwidzyński,Gardeja,gmina wiejska,2207022,2018,nowy,,,,,,,,,,
15955,pomorskie,kwidzyński,Gardeja,gmina wiejska,2207022,2019,nowy,,,,,,,,,,
15956,pomorskie,kwidzyński,Gardeja,gmina wiejska,2207022,2020,nowy,,,,,,,,,,
15957,pomorskie,kwidzyński,Gardeja,gmina wiejska,2207022,2021,nowy,,,,,,,,,,
15958,pomorskie,kwidzyński,Gardeja,gmina wiejska,2207022,2022,nowy,,,,,,,,,,
15959,pomorskie,kwidzyński,Gardeja,gmina wiejska,2207022,2023,nowy,,,,,,,,,,
15960,pomorskie,kwidzyński,Gardeja,gmina wiejska,2207022,2024,nowy,,,,,,,,,,
15961,pomorskie,kwidzyński,Gardeja,gmina wiejska,2207022,2025,nowy,,,,,,,,,,
15962,pomorskie,kwidzyński,Kwidzyn,gmina wiejska,2207032,2018,nowy,,,,,,,,,,
15963,pomorskie,kwidzyński,Kwidzyn,gmina wiejska,2207032,2019,nowy,,,,,,,,,,
15964,pomorskie,kwidzyński,Kwidzyn,gmina wiejska,2207032,2020,nowy,,,,,,,,,,
15965,pomorskie,kwidzyński,Kwidzyn,gmina wiejska,2207032,2021,nowy,,,,,,,,,,
15966,pomorskie,kwidzyński,Kwidzyn,gmina wiejska,2207032,2022,nowy,,,,,,,,,,
15967,pomorskie,kwidzyński,Kwidzyn,gmina wiejska,2207032,2023,nowy,,,,,,,,,,
15968,pomorskie,kwidzyński,Kwidzyn,gmina wiejska,2207032,2024,nowy,,,,,,,,,,
15969,pomorskie,kwidzyński,Kwidzyn,gmina wiejska,2207032,2025,nowy,,,,,,,,,,
15970,pomorskie,kwidzyński,Prabuty,gmina miejsko-wiejska,2207043,2018,nowy,,,,,,,,,,
15971,pomorskie,kwidzyński,Prabuty,gmina miejsko-wiejska,2207043,2019,nowy,,,,,,,,,,
15972,pomorskie,kwidzyński,Prabuty,gmina miejsko-wiejska,2207043,2020,nowy,,,,,,,,,,
15973,pomorskie,kwidzyński,Prabuty,gmina miejsko-wiejska,2207043,2021,nowy,,,,,,,,,,
15974,pomorskie,kwidzyński,Prabuty,gmina miejsko-wiejska,2207043,2022,nowy,,,,,,,,,,
15975,pomorskie,kwidzyński,Prabuty,gmina miejsko-wiejska,2207043,2023,nowy,,,,,,,,,,
15976,pomorskie,kwidzyński,Prabuty,gmina miejsko-wiejska,2207043,2024,nowy,,,,,,,,,,
15977,pomorskie,kwidzyński,Prabuty,gmina miejsko-wiejska,2207043,2025,nowy,,,,,,,,,,
15978,pomorskie,kwidzyński,Ryjewo,gmina wiejska,2207052,2018,nowy,,,,,,,,,,
15979,pomorskie,kwidzyński,Ryjewo,gmina wiejska,2207052,2019,nowy,,,,,,,,,,
15980,pomorskie,kwidzyński,Ryjewo,gmina wiejska,2207052,2020,nowy,,,,,,,,,,
15981,pomorskie,kwidzyński,Ryjewo,gmina wiejska,2207052,2021,nowy,,,,,,,,,,
15982,pomorskie,kwidzyński,Ryjewo,gmina wiejska,2207052,2022,nowy,,,,,,,,,,
15983,pomorskie,kwidzyński,Ryjewo,gmina wiejska,2207052,2023,nowy,,,,,,,,,,
15984,pomorskie,kwidzyński,Ryjewo,gmina wiejska,2207052,2024,nowy,,,,,,,,,,
15985,pomorskie,kwidzyński,Ryjewo,gmina wiejska,2207052,2025,nowy,,,,,,,,,,
15986,pomorskie,kwidzyński,Sadlinki,gmina wiejska,2207062,2018,nowy,,,,,,,,,,
15987,pomorskie,kwidzyński,Sadlinki,gmina wiejska,2207062,2019,nowy,,,,,,,,,,
15988,pomorskie,kwidzyński,Sadlinki,gmina wiejska,2207062,2020,nowy,,,,,,,,,,
15989,pomorskie,kwidzyński,Sadlinki,gmina wiejska,2207062,2021,nowy,,,,,,,,,,
15990,pomorskie,kwidzyński,Sadlinki,gmina wiejska,2207062,2022,nowy,,,,,,,,,,
15991,pomorskie,kwidzyński,Sadlinki,gmina wiejska,2207062,2023,nowy,,,,,,,,,,
15992,pomorskie,kwidzyński,Sadlinki,gmina wiejska,2207062,2024,nowy,,,,,,,,,,
15993,pomorskie,kwidzyński,Sadlinki,gmina wiejska,2207062,2025,nowy,,,,,,,,,,
15994,pomorskie,lęborski,-,-,2208,2018,nowy,,,,,,,,,,
15995,pomorskie,lęborski,-,-,2208,2019,nowy,,,,,,,,,,
15996,pomorskie,lęborski,-,-,2208,2020,nowy,,,,,,,,,,
15997,pomorskie,lęborski,-,-,2208,2021,nowy,,,,,,,,,,
15998,pomorskie,lęborski,-,-,2208,2022,nowy,,,,,,,,,,
15999,pomorskie,lęborski,-,-,2208,2023,nowy,,,,,,,,,,
16000,pomorskie,lęborski,-,-,2208,2024,nowy,,,,,,,,,,
16001,pomorskie,lęborski,-,-,2208,2025,nowy,,,,,,,,,,
16002,pomorskie,lęborski,Lębork,gmina miejska,2208011,2018,nowy,,,,,,,,,,
16003,pomorskie,lęborski,Lębork,gmina miejska,2208011,2019,nowy,,,,,,,,,,
16004,pomorskie,lęborski,Lębork,gmina miejska,2208011,2020,nowy,,,,,,,,,,
16005,pomorskie,lęborski,Lębork,gmina miejska,2208011,2021,nowy,,,,,,,,,,
16006,pomorskie,lęborski,Lębork,gmina miejska,2208011,2022,nowy,,,,,,,,,,
16007,pomorskie,lęborski,Lębork,gmina miejska,2208011,2023,nowy,,,,,,,,,,
16008,pomorskie,lęborski,Lębork,gmina miejska,2208011,2024,nowy,,,,,,,,,,
16009,pomorskie,lęborski,Lębork,gmina miejska,2208011,2025,nowy,,,,,,,,,,
16010,pomorskie,lęborski,Łeba,gmina miejska,2208021,2018,nowy,,,,,,,,,,
16011,pomorskie,lęborski,Łeba,gmina miejska,2208021,2019,nowy,,,,,,,,,,
16012,pomorskie,lęborski,Łeba,gmina miejska,2208021,2020,nowy,,,,,,,,,,
16013,pomorskie,lęborski,Łeba,gmina miejska,2208021,2021,nowy,,,,,,,,,,
16014,pomorskie,lęborski,Łeba,gmina miejska,2208021,2022,nowy,,,,,,,,,,
16015,pomorskie,lęborski,Łeba,gmina miejska,2208021,2023,nowy,,,,,,,,,,
16016,pomorskie,lęborski,Łeba,gmina miejska,2208021,2024,nowy,,,,,,,,,,
16017,pomorskie,lęborski,Łeba,gmina miejska,2208021,2025,nowy,,,,,,,,,,
16018,pomorskie,lęborski,Cewice,gmina wiejska,2208032,2018,nowy,,,,,,,,,,
16019,pomorskie,lęborski,Cewice,gmina wiejska,2208032,2019,nowy,,,,,,,,,,
16020,pomorskie,lęborski,Cewice,gmina wiejska,2208032,2020,nowy,,,,,,,,,,
16021,pomorskie,lęborski,Cewice,gmina wiejska,2208032,2021,nowy,,,,,,,,,,
16022,pomorskie,lęborski,Cewice,gmina wiejska,2208032,2022,nowy,,,,,,,,,,
16023,pomorskie,lęborski,Cewice,gmina wiejska,2208032,2023,nowy,,,,,,,,,,
16024,pomorskie,lęborski,Cewice,gmina wiejska,2208032,2024,nowy,,,,,,,,,,
16025,pomorskie,lęborski,Cewice,gmina wiejska,2208032,2025,nowy,,,,,,,,,,
16026,pomorskie,lęborski,Nowa Wieś Lęborska,gmina wiejska,2208042,2018,nowy,,,,,,,,,,
16027,pomorskie,lęborski,Nowa Wieś Lęborska,gmina wiejska,2208042,2019,nowy,,,,,,,,,,
16028,pomorskie,lęborski,Nowa Wieś Lęborska,gmina wiejska,2208042,2020,nowy,,,,,,,,,,
16029,pomorskie,lęborski,Nowa Wieś Lęborska,gmina wiejska,2208042,2021,nowy,,,,,,,,,,
16030,pomorskie,lęborski,Nowa Wieś Lęborska,gmina wiejska,2208042,2022,nowy,,,,,,,,,,
16031,pomorskie,lęborski,Nowa Wieś Lęborska,gmina wiejska,2208042,2023,nowy,,,,,,,,,,
16032,pomorskie,lęborski,Nowa Wieś Lęborska,gmina wiejska,2208042,2024,nowy,,,,,,,,,,
16033,pomorskie,lęborski,Nowa Wieś Lęborska,gmina wiejska,2208042,2025,nowy,,,,,,,,,,
16034,pomorskie,lęborski,Wicko,gmina wiejska,2208052,2018,nowy,,,,,,,,,,
16035,pomorskie,lęborski,Wicko,gmina wiejska,2208052,2019,nowy,,,,,,,,,,
16036,pomorskie,lęborski,Wicko,gmina wiejska,2208052,2020,nowy,,,,,,,,,,
16037,pomorskie,lęborski,Wicko,gmina wiejska,2208052,2021,nowy,,,,,,,,,,
16038,pomorskie,lęborski,Wicko,gmina wiejska,2208052,2022,nowy,,,,,,,,,,
16039,pomorskie,lęborski,Wicko,gmina wiejska,2208052,2023,nowy,,,,,,,,,,
16040,pomorskie,lęborski,Wicko,gmina wiejska,2208052,2024,nowy,,,,,,,,,,
16041,pomorskie,lęborski,Wicko,gmina wiejska,2208052,2025,nowy,,,,,,,,,,
16042,pomorskie,malborski,-,-,2209,2018,nowy,,,,,,,,,,
16043,pomorskie,malborski,-,-,2209,2019,nowy,,,,,,,,,,
16044,pomorskie,malborski,-,-,2209,2020,nowy,,,,,,,,,,
16045,pomorskie,malborski,-,-,2209,2021,nowy,,,,,,,,,,
16046,pomorskie,malborski,-,-,2209,2022,nowy,,,,,,,,,,
16047,pomorskie,malborski,-,-,2209,2023,nowy,,,,,,,,,,
16048,pomorskie,malborski,-,-,2209,2024,nowy,,,,,,,,,,
16049,pomorskie,malborski,-,-,2209,2025,nowy,,,,,,,,,,
16050,pomorskie,malborski,Malbork,gmina miejska,2209011,2018,nowy,,,,,,,,,,
16051,pomorskie,malborski,Malbork,gmina miejska,2209011,2019,nowy,,,,,,,,,,
16052,pomorskie,malborski,Malbork,gmina miejska,2209011,2020,nowy,,,,,,,,,,
16053,pomorskie,malborski,Malbork,gmina miejska,2209011,2021,nowy,,,,,,,,,,
16054,pomorskie,malborski,Malbork,gmina miejska,2209011,2022,nowy,,,,,,,,,,
16055,pomorskie,malborski,Malbork,gmina miejska,2209011,2023,nowy,,,,,,,,,,
16056,pomorskie,malborski,Malbork,gmina miejska,2209011,2024,nowy,,,,,,,,,,
16057,pomorskie,malborski,Malbork,gmina miejska,2209011,2025,nowy,,,,,,,,,,
16058,pomorskie,malborski,Lichnowy,gmina wiejska,2209032,2018,nowy,,,,,,,,,,
16059,pomorskie,malborski,Lichnowy,gmina wiejska,2209032,2019,nowy,,,,,,,,,,
16060,pomorskie,malborski,Lichnowy,gmina wiejska,2209032,2020,nowy,,,,,,,,,,
16061,pomorskie,malborski,Lichnowy,gmina wiejska,2209032,2021,nowy,,,,,,,,,,
16062,pomorskie,malborski,Lichnowy,gmina wiejska,2209032,2022,nowy,,,,,,,,,,
16063,pomorskie,malborski,Lichnowy,gmina wiejska,2209032,2023,nowy,,,,,,,,,,
16064,pomorskie,malborski,Lichnowy,gmina wiejska,2209032,2024,nowy,,,,,,,,,,
16065,pomorskie,malborski,Lichnowy,gmina wiejska,2209032,2025,nowy,,,,,,,,,,
16066,pomorskie,malborski,Malbork,gmina wiejska,2209042,2018,nowy,,,,,,,,,,
16067,pomorskie,malborski,Malbork,gmina wiejska,2209042,2019,nowy,,,,,,,,,,
16068,pomorskie,malborski,Malbork,gmina wiejska,2209042,2020,nowy,,,,,,,,,,
16069,pomorskie,malborski,Malbork,gmina wiejska,2209042,2021,nowy,,,,,,,,,,
16070,pomorskie,malborski,Malbork,gmina wiejska,2209042,2022,nowy,,,,,,,,,,
16071,pomorskie,malborski,Malbork,gmina wiejska,2209042,2023,nowy,,,,,,,,,,
16072,pomorskie,malborski,Malbork,gmina wiejska,2209042,2024,nowy,,,,,,,,,,
16073,pomorskie,malborski,Malbork,gmina wiejska,2209042,2025,nowy,,,,,,,,,,
16074,pomorskie,malborski,Miłoradz,gmina wiejska,2209062,2018,nowy,,,,,,,,,,
16075,pomorskie,malborski,Miłoradz,gmina wiejska,2209062,2019,nowy,,,,,,,,,,
16076,pomorskie,malborski,Miłoradz,gmina wiejska,2209062,2020,nowy,,,,,,,,,,
16077,pomorskie,malborski,Miłoradz,gmina wiejska,2209062,2021,nowy,,,,,,,,,,
16078,pomorskie,malborski,Miłoradz,gmina wiejska,2209062,2022,nowy,,,,,,,,,,
16079,pomorskie,malborski,Miłoradz,gmina wiejska,2209062,2023,nowy,,,,,,,,,,
16080,pomorskie,malborski,Miłoradz,gmina wiejska,2209062,2024,nowy,,,,,,,,,,
16081,pomorskie,malborski,Miłoradz,gmina wiejska,2209062,2025,nowy,,,,,,,,,,
16082,pomorskie,malborski,Nowy Staw,gmina miejsko-wiejska,2209073,2018,nowy,,,,,,,,,,
16083,pomorskie,malborski,Nowy Staw,gmina miejsko-wiejska,2209073,2019,nowy,,,,,,,,,,
16084,pomorskie,malborski,Nowy Staw,gmina miejsko-wiejska,2209073,2020,nowy,,,,,,,,,,
16085,pomorskie,malborski,Nowy Staw,gmina miejsko-wiejska,2209073,2021,nowy,,,,,,,,,,
16086,pomorskie,malborski,Nowy Staw,gmina miejsko-wiejska,2209073,2022,nowy,,,,,,,,,,
16087,pomorskie,malborski,Nowy Staw,gmina miejsko-wiejska,2209073,2023,nowy,,,,,,,,,,
16088,pomorskie,malborski,Nowy Staw,gmina miejsko-wiejska,2209073,2024,nowy,,,,,,,,,,
16089,pomorskie,malborski,Nowy Staw,gmina miejsko-wiejska,2209073,2025,nowy,,,,,,,,,,
16090,pomorskie,malborski,Stare Pole,gmina wiejska,2209082,2018,nowy,,,,,,,,,,
16091,pomorskie,malborski,Stare Pole,gmina wiejska,2209082,2019,nowy,,,,,,,,,,
16092,pomorskie,malborski,Stare Pole,gmina wiejska,2209082,2020,nowy,,,,,,,,,,
16093,pomorskie,malborski,Stare Pole,gmina wiejska,2209082,2021,nowy,,,,,,,,,,
16094,pomorskie,malborski,Stare Pole,gmina wiejska,2209082,2022,nowy,,,,,,,,,,
16095,pomorskie,malborski,Stare Pole,gmina wiejska,2209082,2023,nowy,,,,,,,,,,
16096,pomorskie,malborski,Stare Pole,gmina wiejska,2209082,2024,nowy,,,,,,,,,,
16097,pomorskie,malborski,Stare Pole,gmina wiejska,2209082,2025,nowy,,,,,,,,,,
16098,pomorskie,nowodworski,-,-,2210,2018,nowy,,,,,,,,,,
16099,pomorskie,nowodworski,-,-,2210,2019,nowy,,,,,,,,,,
16100,pomorskie,nowodworski,-,-,2210,2020,nowy,,,,,,,,,,
16101,pomorskie,nowodworski,-,-,2210,2021,nowy,,,,,,,,,,
16102,pomorskie,nowodworski,-,-,2210,2022,nowy,,,,,,,,,,
16103,pomorskie,nowodworski,-,-,2210,2023,nowy,,,,,,,,,,
16104,pomorskie,nowodworski,-,-,2210,2024,nowy,,,,,,,,,,
16105,pomorskie,nowodworski,-,-,2210,2025,nowy,,,,,,,,,,
16106,pomorskie,nowodworski,Krynica Morska,gmina miejska,2210011,2018,nowy,,,,,,,,,,
16107,pomorskie,nowodworski,Krynica Morska,gmina miejska,2210011,2019,nowy,,,,,,,,,,
16108,pomorskie,nowodworski,Krynica Morska,gmina miejska,2210011,2020,nowy,,,,,,,,,,
16109,pomorskie,nowodworski,Krynica Morska,gmina miejska,2210011,2021,nowy,,,,,,,,,,
16110,pomorskie,nowodworski,Krynica Morska,gmina miejska,2210011,2022,nowy,,,,,,,,,,
16111,pomorskie,nowodworski,Krynica Morska,gmina miejska,2210011,2023,nowy,,,,,,,,,,
16112,pomorskie,nowodworski,Krynica Morska,gmina miejska,2210011,2024,nowy,,,,,,,,,,
16113,pomorskie,nowodworski,Krynica Morska,gmina miejska,2210011,2025,nowy,,,,,,,,,,
16114,pomorskie,nowodworski,Nowy Dwór Gdański,gmina miejsko-wiejska,2210023,2018,nowy,,,,,,,,,,
16115,pomorskie,nowodworski,Nowy Dwór Gdański,gmina miejsko-wiejska,2210023,2019,nowy,,,,,,,,,,
16116,pomorskie,nowodworski,Nowy Dwór Gdański,gmina miejsko-wiejska,2210023,2020,nowy,,,,,,,,,,
16117,pomorskie,nowodworski,Nowy Dwór Gdański,gmina miejsko-wiejska,2210023,2021,nowy,,,,,,,,,,
16118,pomorskie,nowodworski,Nowy Dwór Gdański,gmina miejsko-wiejska,2210023,2022,nowy,,,,,,,,,,
16119,pomorskie,nowodworski,Nowy Dwór Gdański,gmina miejsko-wiejska,2210023,2023,nowy,,,,,,,,,,
16120,pomorskie,nowodworski,Nowy Dwór Gdański,gmina miejsko-wiejska,2210023,2024,nowy,,,,,,,,,,
16121,pomorskie,nowodworski,Nowy Dwór Gdański,gmina miejsko-wiejska,2210023,2025,nowy,,,,,,,,,,
16122,pomorskie,nowodworski,Ostaszewo,gmina wiejska,2210032,2018,nowy,,,,,,,,,,
16123,pomorskie,nowodworski,Ostaszewo,gmina wiejska,2210032,2019,nowy,,,,,,,,,,
16124,pomorskie,nowodworski,Ostaszewo,gmina wiejska,2210032,2020,nowy,,,,,,,,,,
16125,pomorskie,nowodworski,Ostaszewo,gmina wiejska,2210032,2021,nowy,,,,,,,,,,
16126,pomorskie,nowodworski,Ostaszewo,gmina wiejska,2210032,2022,nowy,,,,,,,,,,
16127,pomorskie,nowodworski,Ostaszewo,gmina wiejska,2210032,2023,nowy,,,,,,,,,,
16128,pomorskie,nowodworski,Ostaszewo,gmina wiejska,2210032,2024,nowy,,,,,,,,,,
16129,pomorskie,nowodworski,Ostaszewo,gmina wiejska,2210032,2025,nowy,,,,,,,,,,
16130,pomorskie,nowodworski,Stegna,gmina wiejska,2210042,2018,nowy,,,,,,,,,,
16131,pomorskie,nowodworski,Stegna,gmina wiejska,2210042,2019,nowy,,,,,,,,,,
16132,pomorskie,nowodworski,Stegna,gmina wiejska,2210042,2020,nowy,,,,,,,,,,
16133,pomorskie,nowodworski,Stegna,gmina wiejska,2210042,2021,nowy,,,,,,,,,,
16134,pomorskie,nowodworski,Stegna,gmina wiejska,2210042,2022,nowy,,,,,,,,,,
16135,pomorskie,nowodworski,Stegna,gmina wiejska,2210042,2023,nowy,,,,,,,,,,
16136,pomorskie,nowodworski,Stegna,gmina wiejska,2210042,2024,nowy,,,,,,,,,,
16137,pomorskie,nowodworski,Stegna,gmina wiejska,2210042,2025,nowy,,,,,,,,,,
16138,pomorskie,nowodworski,Sztutowo,gmina wiejska,2210052,2018,nowy,,,,,,,,,,
16139,pomorskie,nowodworski,Sztutowo,gmina wiejska,2210052,2019,nowy,,,,,,,,,,
16140,pomorskie,nowodworski,Sztutowo,gmina wiejska,2210052,2020,nowy,,,,,,,,,,
16141,pomorskie,nowodworski,Sztutowo,gmina wiejska,2210052,2021,nowy,,,,,,,,,,
16142,pomorskie,nowodworski,Sztutowo,gmina wiejska,2210052,2022,nowy,,,,,,,,,,
16143,pomorskie,nowodworski,Sztutowo,gmina wiejska,2210052,2023,nowy,,,,,,,,,,
16144,pomorskie,nowodworski,Sztutowo,gmina wiejska,2210052,2024,nowy,,,,,,,,,,
16145,pomorskie,nowodworski,Sztutowo,gmina wiejska,2210052,2025,nowy,,,,,,,,,,
16146,pomorskie,pucki,-,-,2211,2018,nowy,,,,,,,,,,
16147,pomorskie,pucki,-,-,2211,2019,nowy,,,,,,,,,,
16148,pomorskie,pucki,-,-,2211,2020,nowy,,,,,,,,,,
16149,pomorskie,pucki,-,-,2211,2021,nowy,,,,,,,,,,
16150,pomorskie,pucki,-,-,2211,2022,nowy,,,,,,,,,,
16151,pomorskie,pucki,-,-,2211,2023,nowy,,,,,,,,,,
16152,pomorskie,pucki,-,-,2211,2024,nowy,,,,,,,,,,
16153,pomorskie,pucki,-,-,2211,2025,nowy,,,,,,,,,,
16154,pomorskie,pucki,Hel,gmina miejska,2211011,2018,nowy,,,,,,,,,,
16155,pomorskie,pucki,Hel,gmina miejska,2211011,2019,nowy,,,,,,,,,,
16156,pomorskie,pucki,Hel,gmina miejska,2211011,2020,nowy,,,,,,,,,,
16157,pomorskie,pucki,Hel,gmina miejska,2211011,2021,nowy,,,,,,,,,,
16158,pomorskie,pucki,Hel,gmina miejska,2211011,2022,nowy,,,,,,,,,,
16159,pomorskie,pucki,Hel,gmina miejska,2211011,2023,nowy,,,,,,,,,,
16160,pomorskie,pucki,Hel,gmina miejska,2211011,2024,nowy,,,,,,,,,,
16161,pomorskie,pucki,Hel,gmina miejska,2211011,2025,nowy,,,,,,,,,,
16162,pomorskie,pucki,Jastarnia,gmina miejsko-wiejska,2211023,2018,nowy,,,,,,,,,,
16163,pomorskie,pucki,Jastarnia,gmina miejsko-wiejska,2211023,2019,nowy,,,,,,,,,,
16164,pomorskie,pucki,Jastarnia,gmina miejsko-wiejska,2211023,2020,nowy,,,,,,,,,,
16165,pomorskie,pucki,Jastarnia,gmina miejsko-wiejska,2211023,2021,nowy,,,,,,,,,,
16166,pomorskie,pucki,Jastarnia,gmina miejsko-wiejska,2211023,2022,nowy,,,,,,,,,,
16167,pomorskie,pucki,Jastarnia,gmina miejsko-wiejska,2211023,2023,nowy,,,,,,,,,,
16168,pomorskie,pucki,Jastarnia,gmina miejsko-wiejska,2211023,2024,nowy,,,,,,,,,,
16169,pomorskie,pucki,Jastarnia,gmina miejsko-wiejska,2211023,2025,nowy,,,,,,,,,,
16170,pomorskie,pucki,Puck,gmina miejska,2211031,2018,nowy,,,,,,,,,,
16171,pomorskie,pucki,Puck,gmina miejska,2211031,2019,nowy,,,,,,,,,,
16172,pomorskie,pucki,Puck,gmina miejska,2211031,2020,nowy,,,,,,,,,,
16173,pomorskie,pucki,Puck,gmina miejska,2211031,2021,nowy,,,,,,,,,,
16174,pomorskie,pucki,Puck,gmina miejska,2211031,2022,nowy,,,,,,,,,,
16175,pomorskie,pucki,Puck,gmina miejska,2211031,2023,nowy,,,,,,,,,,
16176,pomorskie,pucki,Puck,gmina miejska,2211031,2024,nowy,,,,,,,,,,
16177,pomorskie,pucki,Puck,gmina miejska,2211031,2025,nowy,,,,,,,,,,
16178,pomorskie,pucki,Władysławowo,gmina miejsko-wiejska,2211043,2018,nowy,,,,,,,,,,
16179,pomorskie,pucki,Władysławowo,gmina miejsko-wiejska,2211043,2019,nowy,,,,,,,,,,
16180,pomorskie,pucki,Władysławowo,gmina miejsko-wiejska,2211043,2020,nowy,,,,,,,,,,
16181,pomorskie,pucki,Władysławowo,gmina miejsko-wiejska,2211043,2021,nowy,,,,,,,,,,
16182,pomorskie,pucki,Władysławowo,gmina miejsko-wiejska,2211043,2022,nowy,,,,,,,,,,
16183,pomorskie,pucki,Władysławowo,gmina miejsko-wiejska,2211043,2023,nowy,,,,,,,,,,
16184,pomorskie,pucki,Władysławowo,gmina miejsko-wiejska,2211043,2024,nowy,,,,,,,,,,
16185,pomorskie,pucki,Władysławowo,gmina miejsko-wiejska,2211043,2025,nowy,,,,,,,,,,
16186,pomorskie,pucki,Kosakowo,gmina wiejska,2211052,2018,nowy,,,,,,,,,,
16187,pomorskie,pucki,Kosakowo,gmina wiejska,2211052,2019,nowy,,,,,,,,,,
16188,pomorskie,pucki,Kosakowo,gmina wiejska,2211052,2020,nowy,,,,,,,,,,
16189,pomorskie,pucki,Kosakowo,gmina wiejska,2211052,2021,nowy,,,,,,,,,,
16190,pomorskie,pucki,Kosakowo,gmina wiejska,2211052,2022,nowy,,,,,,,,,,
16191,pomorskie,pucki,Kosakowo,gmina wiejska,2211052,2023,nowy,,,,,,,,,,
16192,pomorskie,pucki,Kosakowo,gmina wiejska,2211052,2024,nowy,,,,,,,,,,
16193,pomorskie,pucki,Kosakowo,gmina wiejska,2211052,2025,nowy,,,,,,,,,,
16194,pomorskie,pucki,Krokowa,gmina wiejska,2211062,2018,nowy,,,,,,,,,,
16195,pomorskie,pucki,Krokowa,gmina wiejska,2211062,2019,nowy,,,,,,,,,,
16196,pomorskie,pucki,Krokowa,gmina wiejska,2211062,2020,nowy,,,,,,,,,,
16197,pomorskie,pucki,Krokowa,gmina wiejska,2211062,2021,nowy,,,,,,,,,,
16198,pomorskie,pucki,Krokowa,gmina wiejska,2211062,2022,nowy,,,,,,,,,,
16199,pomorskie,pucki,Krokowa,gmina wiejska,2211062,2023,nowy,,,,,,,,,,
16200,pomorskie,pucki,Krokowa,gmina wiejska,2211062,2024,nowy,,,,,,,,,,
16201,pomorskie,pucki,Krokowa,gmina wiejska,2211062,2025,nowy,,,,,,,,,,
16202,pomorskie,pucki,Puck,gmina wiejska,2211072,2018,nowy,,,,,,,,,,
16203,pomorskie,pucki,Puck,gmina wiejska,2211072,2019,nowy,,,,,,,,,,
16204,pomorskie,pucki,Puck,gmina wiejska,2211072,2020,nowy,,,,,,,,,,
16205,pomorskie,pucki,Puck,gmina wiejska,2211072,2021,nowy,,,,,,,,,,
16206,pomorskie,pucki,Puck,gmina wiejska,2211072,2022,nowy,,,,,,,,,,
16207,pomorskie,pucki,Puck,gmina wiejska,2211072,2023,nowy,,,,,,,,,,
16208,pomorskie,pucki,Puck,gmina wiejska,2211072,2024,nowy,,,,,,,,,,
16209,pomorskie,pucki,Puck,gmina wiejska,2211072,2025,nowy,,,,,,,,,,
16210,pomorskie,słupski,-,-,2212,2018,nowy,,,,,,,,,,
16211,pomorskie,słupski,-,-,2212,2019,nowy,,,,,,,,,,
16212,pomorskie,słupski,-,-,2212,2020,nowy,,,,,,,,,,
16213,pomorskie,słupski,-,-,2212,2021,nowy,,,,,,,,,,
16214,pomorskie,słupski,-,-,2212,2022,nowy,,,,,,,,,,
16215,pomorskie,słupski,-,-,2212,2023,nowy,,,,,,,,,,
16216,pomorskie,słupski,-,-,2212,2024,nowy,,,,,,,,,,
16217,pomorskie,słupski,-,-,2212,2025,nowy,,,,,,,,,,
16218,pomorskie,słupski,Ustka,gmina miejska,2212011,2018,nowy,,,,,,,,,,
16219,pomorskie,słupski,Ustka,gmina miejska,2212011,2019,nowy,,,,,,,,,,
16220,pomorskie,słupski,Ustka,gmina miejska,2212011,2020,nowy,,,,,,,,,,
16221,pomorskie,słupski,Ustka,gmina miejska,2212011,2021,nowy,,,,,,,,,,
16222,pomorskie,słupski,Ustka,gmina miejska,2212011,2022,nowy,,,,,,,,,,
16223,pomorskie,słupski,Ustka,gmina miejska,2212011,2023,nowy,,,,,,,,,,
16224,pomorskie,słupski,Ustka,gmina miejska,2212011,2024,nowy,,,,,,,,,,
16225,pomorskie,słupski,Ustka,gmina miejska,2212011,2025,nowy,,,,,,,,,,
16226,pomorskie,słupski,Damnica,gmina wiejska,2212022,2018,nowy,,,,,,,,,,
16227,pomorskie,słupski,Damnica,gmina wiejska,2212022,2019,nowy,,,,,,,,,,
16228,pomorskie,słupski,Damnica,gmina wiejska,2212022,2020,nowy,,,,,,,,,,
16229,pomorskie,słupski,Damnica,gmina wiejska,2212022,2021,nowy,,,,,,,,,,
16230,pomorskie,słupski,Damnica,gmina wiejska,2212022,2022,nowy,,,,,,,,,,
16231,pomorskie,słupski,Damnica,gmina wiejska,2212022,2023,nowy,,,,,,,,,,
16232,pomorskie,słupski,Damnica,gmina wiejska,2212022,2024,nowy,,,,,,,,,,
16233,pomorskie,słupski,Damnica,gmina wiejska,2212022,2025,nowy,,,,,,,,,,
16234,pomorskie,słupski,Dębnica Kaszubska,gmina wiejska,2212032,2018,nowy,,,,,,,,,,
16235,pomorskie,słupski,Dębnica Kaszubska,gmina wiejska,2212032,2019,nowy,,,,,,,,,,
16236,pomorskie,słupski,Dębnica Kaszubska,gmina wiejska,2212032,2020,nowy,,,,,,,,,,
16237,pomorskie,słupski,Dębnica Kaszubska,gmina wiejska,2212032,2021,nowy,,,,,,,,,,
16238,pomorskie,słupski,Dębnica Kaszubska,gmina wiejska,2212032,2022,nowy,,,,,,,,,,
16239,pomorskie,słupski,Dębnica Kaszubska,gmina wiejska,2212032,2023,nowy,,,,,,,,,,
16240,pomorskie,słupski,Dębnica Kaszubska,gmina wiejska,2212032,2024,nowy,,,,,,,,,,
16241,pomorskie,słupski,Dębnica Kaszubska,gmina wiejska,2212032,2025,nowy,,,,,,,,,,
16242,pomorskie,słupski,Główczyce,gmina wiejska,2212042,2018,nowy,,,,,,,,,,
16243,pomorskie,słupski,Główczyce,gmina wiejska,2212042,2019,nowy,,,,,,,,,,
16244,pomorskie,słupski,Główczyce,gmina wiejska,2212042,2020,nowy,,,,,,,,,,
16245,pomorskie,słupski,Główczyce,gmina wiejska,2212042,2021,nowy,,,,,,,,,,
16246,pomorskie,słupski,Główczyce,gmina wiejska,2212042,2022,nowy,,,,,,,,,,
16247,pomorskie,słupski,Główczyce,gmina wiejska,2212042,2023,nowy,,,,,,,,,,
16248,pomorskie,słupski,Główczyce,gmina wiejska,2212042,2024,nowy,,,,,,,,,,
16249,pomorskie,słupski,Główczyce,gmina wiejska,2212042,2025,nowy,,,,,,,,,,
16250,pomorskie,słupski,Kępice,gmina miejsko-wiejska,2212053,2018,nowy,,,,,,,,,,
16251,pomorskie,słupski,Kępice,gmina miejsko-wiejska,2212053,2019,nowy,,,,,,,,,,
16252,pomorskie,słupski,Kępice,gmina miejsko-wiejska,2212053,2020,nowy,,,,,,,,,,
16253,pomorskie,słupski,Kępice,gmina miejsko-wiejska,2212053,2021,nowy,,,,,,,,,,
16254,pomorskie,słupski,Kępice,gmina miejsko-wiejska,2212053,2022,nowy,,,,,,,,,,
16255,pomorskie,słupski,Kępice,gmina miejsko-wiejska,2212053,2023,nowy,,,,,,,,,,
16256,pomorskie,słupski,Kępice,gmina miejsko-wiejska,2212053,2024,nowy,,,,,,,,,,
16257,pomorskie,słupski,Kępice,gmina miejsko-wiejska,2212053,2025,nowy,,,,,,,,,,
16258,pomorskie,słupski,Kobylnica,gmina wiejska,2212062,2018,nowy,,,,,,,,,,
16259,pomorskie,słupski,Kobylnica,gmina wiejska,2212062,2019,nowy,,,,,,,,,,
16260,pomorskie,słupski,Kobylnica,gmina wiejska,2212062,2020,nowy,,,,,,,,,,
16261,pomorskie,słupski,Kobylnica,gmina wiejska,2212062,2021,nowy,,,,,,,,,,
16262,pomorskie,słupski,Kobylnica,gmina wiejska,2212062,2022,nowy,,,,,,,,,,
16263,pomorskie,słupski,Kobylnica,gmina wiejska,2212062,2023,nowy,,,,,,,,,,
16264,pomorskie,słupski,Kobylnica,gmina wiejska,2212062,2024,nowy,,,,,,,,,,
16265,pomorskie,słupski,Kobylnica,gmina miejsko-wiejska,2212063,2025,nowy,,,,,,,,,,
16266,pomorskie,słupski,Potęgowo,gmina wiejska,2212072,2018,nowy,,,,,,,,,,
16267,pomorskie,słupski,Potęgowo,gmina wiejska,2212072,2019,nowy,,,,,,,,,,
16268,pomorskie,słupski,Potęgowo,gmina wiejska,2212072,2020,nowy,,,,,,,,,,
16269,pomorskie,słupski,Potęgowo,gmina wiejska,2212072,2021,nowy,,,,,,,,,,
16270,pomorskie,słupski,Potęgowo,gmina wiejska,2212072,2022,nowy,,,,,,,,,,
16271,pomorskie,słupski,Potęgowo,gmina wiejska,2212072,2023,nowy,,,,,,,,,,
16272,pomorskie,słupski,Potęgowo,gmina wiejska,2212072,2024,nowy,,,,,,,,,,
16273,pomorskie,słupski,Potęgowo,gmina wiejska,2212072,2025,nowy,,,,,,,,,,
16274,pomorskie,słupski,Słupsk,gmina wiejska,2212082,2018,nowy,,,,,,,,,,
16275,pomorskie,słupski,Słupsk,gmina wiejska,2212082,2019,nowy,,,,,,,,,,
16276,pomorskie,słupski,Słupsk,gmina wiejska,2212082,2020,nowy,,,,,,,,,,
16277,pomorskie,słupski,Słupsk,gmina wiejska,2212082,2021,nowy,,,,,,,,,,
16278,pomorskie,słupski,Słupsk,gmina wiejska,2212082,2022,nowy,,,,,,,,,,
16279,pomorskie,słupski,Słupsk,gmina wiejska,2212082,2023,nowy,,,,,,,,,,
16280,pomorskie,słupski,Redzikowo,gmina wiejska,2212082,2024,nowy,,,,,,,,,,
16281,pomorskie,słupski,Redzikowo,gmina wiejska,2212082,2025,nowy,,,,,,,,,,
16282,pomorskie,słupski,Smołdzino,gmina wiejska,2212092,2018,nowy,,,,,,,,,,
16283,pomorskie,słupski,Smołdzino,gmina wiejska,2212092,2019,nowy,,,,,,,,,,
16284,pomorskie,słupski,Smołdzino,gmina wiejska,2212092,2020,nowy,,,,,,,,,,
16285,pomorskie,słupski,Smołdzino,gmina wiejska,2212092,2021,nowy,,,,,,,,,,
16286,pomorskie,słupski,Smołdzino,gmina wiejska,2212092,2022,nowy,,,,,,,,,,
16287,pomorskie,słupski,Smołdzino,gmina wiejska,2212092,2023,nowy,,,,,,,,,,
16288,pomorskie,słupski,Smołdzino,gmina wiejska,2212092,2024,nowy,,,,,,,,,,
16289,pomorskie,słupski,Smołdzino,gmina wiejska,2212092,2025,nowy,,,,,,,,,,
16290,pomorskie,słupski,Ustka,gmina wiejska,2212102,2018,nowy,,,,,,,,,,
16291,pomorskie,słupski,Ustka,gmina wiejska,2212102,2019,nowy,,,,,,,,,,
16292,pomorskie,słupski,Ustka,gmina wiejska,2212102,2020,nowy,,,,,,,,,,
16293,pomorskie,słupski,Ustka,gmina wiejska,2212102,2021,nowy,,,,,,,,,,
16294,pomorskie,słupski,Ustka,gmina wiejska,2212102,2022,nowy,,,,,,,,,,
16295,pomorskie,słupski,Ustka,gmina wiejska,2212102,2023,nowy,,,,,,,,,,
16296,pomorskie,słupski,Ustka,gmina wiejska,2212102,2024,nowy,,,,,,,,,,
16297,pomorskie,słupski,Ustka,gmina wiejska,2212102,2025,nowy,,,,,,,,,,
16298,pomorskie,starogardzki,-,-,2213,2018,nowy,,,,,,,,,,
16299,pomorskie,starogardzki,-,-,2213,2019,nowy,,,,,,,,,,
16300,pomorskie,starogardzki,-,-,2213,2020,nowy,,,,,,,,,,
16301,pomorskie,starogardzki,-,-,2213,2021,nowy,,,,,,,,,,
16302,pomorskie,starogardzki,-,-,2213,2022,nowy,,,,,,,,,,
16303,pomorskie,starogardzki,-,-,2213,2023,nowy,,,,,,,,,,
16304,pomorskie,starogardzki,-,-,2213,2024,nowy,,,,,,,,,,
16305,pomorskie,starogardzki,-,-,2213,2025,nowy,,,,,,,,,,
16306,pomorskie,starogardzki,Czarna Woda,gmina miejsko-wiejska,2213013,2018,nowy,,,,,,,,,,
16307,pomorskie,starogardzki,Czarna Woda,gmina miejsko-wiejska,2213013,2019,nowy,,,,,,,,,,
16308,pomorskie,starogardzki,Czarna Woda,gmina miejsko-wiejska,2213013,2020,nowy,,,,,,,,,,
16309,pomorskie,starogardzki,Czarna Woda,gmina miejsko-wiejska,2213013,2021,nowy,,,,,,,,,,
16310,pomorskie,starogardzki,Czarna Woda,gmina miejsko-wiejska,2213013,2022,nowy,,,,,,,,,,
16311,pomorskie,starogardzki,Czarna Woda,gmina miejsko-wiejska,2213013,2023,nowy,,,,,,,,,,
16312,pomorskie,starogardzki,Czarna Woda,gmina miejsko-wiejska,2213013,2024,nowy,,,,,,,,,,
16313,pomorskie,starogardzki,Czarna Woda,gmina miejsko-wiejska,2213013,2025,nowy,,,,,,,,,,
16314,pomorskie,starogardzki,Skórcz,gmina miejska,2213021,2018,nowy,,,,,,,,,,
16315,pomorskie,starogardzki,Skórcz,gmina miejska,2213021,2019,nowy,,,,,,,,,,
16316,pomorskie,starogardzki,Skórcz,gmina miejska,2213021,2020,nowy,,,,,,,,,,
16317,pomorskie,starogardzki,Skórcz,gmina miejska,2213021,2021,nowy,,,,,,,,,,
16318,pomorskie,starogardzki,Skórcz,gmina miejska,2213021,2022,nowy,,,,,,,,,,
16319,pomorskie,starogardzki,Skórcz,gmina miejska,2213021,2023,nowy,,,,,,,,,,
16320,pomorskie,starogardzki,Skórcz,gmina miejska,2213021,2024,nowy,,,,,,,,,,
16321,pomorskie,starogardzki,Skórcz,gmina miejska,2213021,2025,nowy,,,,,,,,,,
16322,pomorskie,starogardzki,Starogard Gdański,gmina miejska,2213031,2018,nowy,,,,,,,,,,
16323,pomorskie,starogardzki,Starogard Gdański,gmina miejska,2213031,2019,nowy,,,,,,,,,,
16324,pomorskie,starogardzki,Starogard Gdański,gmina miejska,2213031,2020,nowy,,,,,,,,,,
16325,pomorskie,starogardzki,Starogard Gdański,gmina miejska,2213031,2021,nowy,,,,,,,,,,
16326,pomorskie,starogardzki,Starogard Gdański,gmina miejska,2213031,2022,nowy,,,,,,,,,,
16327,pomorskie,starogardzki,Starogard Gdański,gmina miejska,2213031,2023,nowy,,,,,,,,,,
16328,pomorskie,starogardzki,Starogard Gdański,gmina miejska,2213031,2024,nowy,,,,,,,,,,
16329,pomorskie,starogardzki,Starogard Gdański,gmina miejska,2213031,2025,nowy,,,,,,,,,,
16330,pomorskie,starogardzki,Bobowo,gmina wiejska,2213042,2018,nowy,,,,,,,,,,
16331,pomorskie,starogardzki,Bobowo,gmina wiejska,2213042,2019,nowy,,,,,,,,,,
16332,pomorskie,starogardzki,Bobowo,gmina wiejska,2213042,2020,nowy,,,,,,,,,,
16333,pomorskie,starogardzki,Bobowo,gmina wiejska,2213042,2021,nowy,,,,,,,,,,
16334,pomorskie,starogardzki,Bobowo,gmina wiejska,2213042,2022,nowy,,,,,,,,,,
16335,pomorskie,starogardzki,Bobowo,gmina wiejska,2213042,2023,nowy,,,,,,,,,,
16336,pomorskie,starogardzki,Bobowo,gmina wiejska,2213042,2024,nowy,,,,,,,,,,
16337,pomorskie,starogardzki,Bobowo,gmina wiejska,2213042,2025,nowy,,,,,,,,,,
16338,pomorskie,starogardzki,Kaliska,gmina wiejska,2213052,2018,nowy,,,,,,,,,,
16339,pomorskie,starogardzki,Kaliska,gmina wiejska,2213052,2019,nowy,,,,,,,,,,
16340,pomorskie,starogardzki,Kaliska,gmina wiejska,2213052,2020,nowy,,,,,,,,,,
16341,pomorskie,starogardzki,Kaliska,gmina wiejska,2213052,2021,nowy,,,,,,,,,,
16342,pomorskie,starogardzki,Kaliska,gmina wiejska,2213052,2022,nowy,,,,,,,,,,
16343,pomorskie,starogardzki,Kaliska,gmina wiejska,2213052,2023,nowy,,,,,,,,,,
16344,pomorskie,starogardzki,Kaliska,gmina wiejska,2213052,2024,nowy,,,,,,,,,,
16345,pomorskie,starogardzki,Kaliska,gmina wiejska,2213052,2025,nowy,,,,,,,,,,
16346,pomorskie,starogardzki,Lubichowo,gmina wiejska,2213062,2018,nowy,,,,,,,,,,
16347,pomorskie,starogardzki,Lubichowo,gmina wiejska,2213062,2019,nowy,,,,,,,,,,
16348,pomorskie,starogardzki,Lubichowo,gmina wiejska,2213062,2020,nowy,,,,,,,,,,
16349,pomorskie,starogardzki,Lubichowo,gmina wiejska,2213062,2021,nowy,,,,,,,,,,
16350,pomorskie,starogardzki,Lubichowo,gmina wiejska,2213062,2022,nowy,,,,,,,,,,
16351,pomorskie,starogardzki,Lubichowo,gmina wiejska,2213062,2023,nowy,,,,,,,,,,
16352,pomorskie,starogardzki,Lubichowo,gmina wiejska,2213062,2024,nowy,,,,,,,,,,
16353,pomorskie,starogardzki,Lubichowo,gmina wiejska,2213062,2025,nowy,,,,,,,,,,
16354,pomorskie,starogardzki,Osieczna,gmina wiejska,2213072,2018,nowy,,,,,,,,,,
16355,pomorskie,starogardzki,Osieczna,gmina wiejska,2213072,2019,nowy,,,,,,,,,,
16356,pomorskie,starogardzki,Osieczna,gmina wiejska,2213072,2020,nowy,,,,,,,,,,
16357,pomorskie,starogardzki,Osieczna,gmina wiejska,2213072,2021,nowy,,,,,,,,,,
16358,pomorskie,starogardzki,Osieczna,gmina wiejska,2213072,2022,nowy,,,,,,,,,,
16359,pomorskie,starogardzki,Osieczna,gmina wiejska,2213072,2023,nowy,,,,,,,,,,
16360,pomorskie,starogardzki,Osieczna,gmina wiejska,2213072,2024,nowy,,,,,,,,,,
16361,pomorskie,starogardzki,Osieczna,gmina wiejska,2213072,2025,nowy,,,,,,,,,,
16362,pomorskie,starogardzki,Osiek,gmina wiejska,2213082,2018,nowy,,,,,,,,,,
16363,pomorskie,starogardzki,Osiek,gmina wiejska,2213082,2019,nowy,,,,,,,,,,
16364,pomorskie,starogardzki,Osiek,gmina wiejska,2213082,2020,nowy,,,,,,,,,,
16365,pomorskie,starogardzki,Osiek,gmina wiejska,2213082,2021,nowy,,,,,,,,,,
16366,pomorskie,starogardzki,Osiek,gmina wiejska,2213082,2022,nowy,,,,,,,,,,
16367,pomorskie,starogardzki,Osiek,gmina wiejska,2213082,2023,nowy,,,,,,,,,,
16368,pomorskie,starogardzki,Osiek,gmina wiejska,2213082,2024,nowy,,,,,,,,,,
16369,pomorskie,starogardzki,Osiek,gmina wiejska,2213082,2025,nowy,,,,,,,,,,
16370,pomorskie,starogardzki,Skarszewy,gmina miejsko-wiejska,2213093,2018,nowy,,,,,,,,,,
16371,pomorskie,starogardzki,Skarszewy,gmina miejsko-wiejska,2213093,2019,nowy,,,,,,,,,,
16372,pomorskie,starogardzki,Skarszewy,gmina miejsko-wiejska,2213093,2020,nowy,,,,,,,,,,
16373,pomorskie,starogardzki,Skarszewy,gmina miejsko-wiejska,2213093,2021,nowy,,,,,,,,,,
16374,pomorskie,starogardzki,Skarszewy,gmina miejsko-wiejska,2213093,2022,nowy,,,,,,,,,,
16375,pomorskie,starogardzki,Skarszewy,gmina miejsko-wiejska,2213093,2023,nowy,,,,,,,,,,
16376,pomorskie,starogardzki,Skarszewy,gmina miejsko-wiejska,2213093,2024,nowy,,,,,,,,,,
16377,pomorskie,starogardzki,Skarszewy,gmina miejsko-wiejska,2213093,2025,nowy,,,,,,,,,,
16378,pomorskie,starogardzki,Skórcz,gmina wiejska,2213102,2018,nowy,,,,,,,,,,
16379,pomorskie,starogardzki,Skórcz,gmina wiejska,2213102,2019,nowy,,,,,,,,,,
16380,pomorskie,starogardzki,Skórcz,gmina wiejska,2213102,2020,nowy,,,,,,,,,,
16381,pomorskie,starogardzki,Skórcz,gmina wiejska,2213102,2021,nowy,,,,,,,,,,
16382,pomorskie,starogardzki,Skórcz,gmina wiejska,2213102,2022,nowy,,,,,,,,,,
16383,pomorskie,starogardzki,Skórcz,gmina wiejska,2213102,2023,nowy,,,,,,,,,,
16384,pomorskie,starogardzki,Skórcz,gmina wiejska,2213102,2024,nowy,,,,,,,,,,
16385,pomorskie,starogardzki,Skórcz,gmina wiejska,2213102,2025,nowy,,,,,,,,,,
16386,pomorskie,starogardzki,Smętowo Graniczne,gmina wiejska,2213112,2018,nowy,,,,,,,,,,
16387,pomorskie,starogardzki,Smętowo Graniczne,gmina wiejska,2213112,2019,nowy,,,,,,,,,,
16388,pomorskie,starogardzki,Smętowo Graniczne,gmina wiejska,2213112,2020,nowy,,,,,,,,,,
16389,pomorskie,starogardzki,Smętowo Graniczne,gmina wiejska,2213112,2021,nowy,,,,,,,,,,
16390,pomorskie,starogardzki,Smętowo Graniczne,gmina wiejska,2213112,2022,nowy,,,,,,,,,,
16391,pomorskie,starogardzki,Smętowo Graniczne,gmina wiejska,2213112,2023,nowy,,,,,,,,,,
16392,pomorskie,starogardzki,Smętowo Graniczne,gmina wiejska,2213112,2024,nowy,,,,,,,,,,
16393,pomorskie,starogardzki,Smętowo Graniczne,gmina wiejska,2213112,2025,nowy,,,,,,,,,,
16394,pomorskie,starogardzki,Starogard Gdański,gmina wiejska,2213122,2018,nowy,,,,,,,,,,
16395,pomorskie,starogardzki,Starogard Gdański,gmina wiejska,2213122,2019,nowy,,,,,,,,,,
16396,pomorskie,starogardzki,Starogard Gdański,gmina wiejska,2213122,2020,nowy,,,,,,,,,,
16397,pomorskie,starogardzki,Starogard Gdański,gmina wiejska,2213122,2021,nowy,,,,,,,,,,
16398,pomorskie,starogardzki,Starogard Gdański,gmina wiejska,2213122,2022,nowy,,,,,,,,,,
16399,pomorskie,starogardzki,Starogard Gdański,gmina wiejska,2213122,2023,nowy,,,,,,,,,,
16400,pomorskie,starogardzki,Starogard Gdański,gmina wiejska,2213122,2024,nowy,,,,,,,,,,
16401,pomorskie,starogardzki,Starogard Gdański,gmina wiejska,2213122,2025,nowy,,,,,,,,,,
16402,pomorskie,starogardzki,Zblewo,gmina wiejska,2213132,2018,nowy,,,,,,,,,,
16403,pomorskie,starogardzki,Zblewo,gmina wiejska,2213132,2019,nowy,,,,,,,,,,
16404,pomorskie,starogardzki,Zblewo,gmina wiejska,2213132,2020,nowy,,,,,,,,,,
16405,pomorskie,starogardzki,Zblewo,gmina wiejska,2213132,2021,nowy,,,,,,,,,,
16406,pomorskie,starogardzki,Zblewo,gmina wiejska,2213132,2022,nowy,,,,,,,,,,
16407,pomorskie,starogardzki,Zblewo,gmina wiejska,2213132,2023,nowy,,,,,,,,,,
16408,pomorskie,starogardzki,Zblewo,gmina wiejska,2213132,2024,nowy,,,,,,,,,,
16409,pomorskie,starogardzki,Zblewo,gmina wiejska,2213132,2025,nowy,,,,,,,,,,
16410,pomorskie,tczewski,-,-,2214,2018,nowy,,,,,,,,,,
16411,pomorskie,tczewski,-,-,2214,2019,nowy,,,,,,,,,,
16412,pomorskie,tczewski,-,-,2214,2020,nowy,,,,,,,,,,
16413,pomorskie,tczewski,-,-,2214,2021,nowy,,,,,,,,,,
16414,pomorskie,tczewski,-,-,2214,2022,nowy,,,,,,,,,,
16415,pomorskie,tczewski,-,-,2214,2023,nowy,,,,,,,,,,
16416,pomorskie,tczewski,-,-,2214,2024,nowy,,,,,,,,,,
16417,pomorskie,tczewski,-,-,2214,2025,nowy,,,,,,,,,,
16418,pomorskie,tczewski,Tczew,gmina miejska,2214011,2018,nowy,,,,,,,,,,
16419,pomorskie,tczewski,Tczew,gmina miejska,2214011,2019,nowy,,,,,,,,,,
16420,pomorskie,tczewski,Tczew,gmina miejska,2214011,2020,nowy,,,,,,,,,,
16421,pomorskie,tczewski,Tczew,gmina miejska,2214011,2021,nowy,,,,,,,,,,
16422,pomorskie,tczewski,Tczew,gmina miejska,2214011,2022,nowy,,,,,,,,,,
16423,pomorskie,tczewski,Tczew,gmina miejska,2214011,2023,nowy,,,,,,,,,,
16424,pomorskie,tczewski,Tczew,gmina miejska,2214011,2024,nowy,,,,,,,,,,
16425,pomorskie,tczewski,Tczew,gmina miejska,2214011,2025,nowy,,,,,,,,,,
16426,pomorskie,tczewski,Gniew,gmina miejsko-wiejska,2214023,2018,nowy,,,,,,,,,,
16427,pomorskie,tczewski,Gniew,gmina miejsko-wiejska,2214023,2019,nowy,,,,,,,,,,
16428,pomorskie,tczewski,Gniew,gmina miejsko-wiejska,2214023,2020,nowy,,,,,,,,,,
16429,pomorskie,tczewski,Gniew,gmina miejsko-wiejska,2214023,2021,nowy,,,,,,,,,,
16430,pomorskie,tczewski,Gniew,gmina miejsko-wiejska,2214023,2022,nowy,,,,,,,,,,
16431,pomorskie,tczewski,Gniew,gmina miejsko-wiejska,2214023,2023,nowy,,,,,,,,,,
16432,pomorskie,tczewski,Gniew,gmina miejsko-wiejska,2214023,2024,nowy,,,,,,,,,,
16433,pomorskie,tczewski,Gniew,gmina miejsko-wiejska,2214023,2025,nowy,,,,,,,,,,
16434,pomorskie,tczewski,Morzeszczyn,gmina wiejska,2214032,2018,nowy,,,,,,,,,,
16435,pomorskie,tczewski,Morzeszczyn,gmina wiejska,2214032,2019,nowy,,,,,,,,,,
16436,pomorskie,tczewski,Morzeszczyn,gmina wiejska,2214032,2020,nowy,,,,,,,,,,
16437,pomorskie,tczewski,Morzeszczyn,gmina wiejska,2214032,2021,nowy,,,,,,,,,,
16438,pomorskie,tczewski,Morzeszczyn,gmina wiejska,2214032,2022,nowy,,,,,,,,,,
16439,pomorskie,tczewski,Morzeszczyn,gmina wiejska,2214032,2023,nowy,,,,,,,,,,
16440,pomorskie,tczewski,Morzeszczyn,gmina wiejska,2214032,2024,nowy,,,,,,,,,,
16441,pomorskie,tczewski,Morzeszczyn,gmina wiejska,2214032,2025,nowy,,,,,,,,,,
16442,pomorskie,tczewski,Pelplin,gmina miejsko-wiejska,2214043,2018,nowy,,,,,,,,,,
16443,pomorskie,tczewski,Pelplin,gmina miejsko-wiejska,2214043,2019,nowy,,,,,,,,,,
16444,pomorskie,tczewski,Pelplin,gmina miejsko-wiejska,2214043,2020,nowy,,,,,,,,,,
16445,pomorskie,tczewski,Pelplin,gmina miejsko-wiejska,2214043,2021,nowy,,,,,,,,,,
16446,pomorskie,tczewski,Pelplin,gmina miejsko-wiejska,2214043,2022,nowy,,,,,,,,,,
16447,pomorskie,tczewski,Pelplin,gmina miejsko-wiejska,2214043,2023,nowy,,,,,,,,,,
16448,pomorskie,tczewski,Pelplin,gmina miejsko-wiejska,2214043,2024,nowy,,,,,,,,,,
16449,pomorskie,tczewski,Pelplin,gmina miejsko-wiejska,2214043,2025,nowy,,,,,,,,,,
16450,pomorskie,tczewski,Subkowy,gmina wiejska,2214052,2018,nowy,,,,,,,,,,
16451,pomorskie,tczewski,Subkowy,gmina wiejska,2214052,2019,nowy,,,,,,,,,,
16452,pomorskie,tczewski,Subkowy,gmina wiejska,2214052,2020,nowy,,,,,,,,,,
16453,pomorskie,tczewski,Subkowy,gmina wiejska,2214052,2021,nowy,,,,,,,,,,
16454,pomorskie,tczewski,Subkowy,gmina wiejska,2214052,2022,nowy,,,,,,,,,,
16455,pomorskie,tczewski,Subkowy,gmina wiejska,2214052,2023,nowy,,,,,,,,,,
16456,pomorskie,tczewski,Subkowy,gmina wiejska,2214052,2024,nowy,,,,,,,,,,
16457,pomorskie,tczewski,Subkowy,gmina wiejska,2214052,2025,nowy,,,,,,,,,,
16458,pomorskie,tczewski,Tczew,gmina wiejska,2214062,2018,nowy,,,,,,,,,,
16459,pomorskie,tczewski,Tczew,gmina wiejska,2214062,2019,nowy,,,,,,,,,,
16460,pomorskie,tczewski,Tczew,gmina wiejska,2214062,2020,nowy,,,,,,,,,,
16461,pomorskie,tczewski,Tczew,gmina wiejska,2214062,2021,nowy,,,,,,,,,,
16462,pomorskie,tczewski,Tczew,gmina wiejska,2214062,2022,nowy,,,,,,,,,,
16463,pomorskie,tczewski,Tczew,gmina wiejska,2214062,2023,nowy,,,,,,,,,,
16464,pomorskie,tczewski,Tczew,gmina wiejska,2214062,2024,nowy,,,,,,,,,,
16465,pomorskie,tczewski,Tczew,gmina wiejska,2214062,2025,nowy,,,,,,,,,,
16466,pomorskie,wejherowski,-,-,2215,2018,nowy,,,,,,,,,,
16467,pomorskie,wejherowski,-,-,2215,2019,nowy,,,,,,,,,,
16468,pomorskie,wejherowski,-,-,2215,2020,nowy,,,,,,,,,,
16469,pomorskie,wejherowski,-,-,2215,2021,nowy,,,,,,,,,,
16470,pomorskie,wejherowski,-,-,2215,2022,nowy,,,,,,,,,,
16471,pomorskie,wejherowski,-,-,2215,2023,nowy,,,,,,,,,,
16472,pomorskie,wejherowski,-,-,2215,2024,nowy,,,,,,,,,,
16473,pomorskie,wejherowski,-,-,2215,2025,nowy,,,,,,,,,,
16474,pomorskie,wejherowski,Reda,gmina miejska,2215011,2018,nowy,,,,,,,,,,
16475,pomorskie,wejherowski,Reda,gmina miejska,2215011,2019,nowy,,,,,,,,,,
16476,pomorskie,wejherowski,Reda,gmina miejska,2215011,2020,nowy,,,,,,,,,,
16477,pomorskie,wejherowski,Reda,gmina miejska,2215011,2021,nowy,,,,,,,,,,
16478,pomorskie,wejherowski,Reda,gmina miejska,2215011,2022,nowy,,,,,,,,,,
16479,pomorskie,wejherowski,Reda,gmina miejska,2215011,2023,nowy,,,,,,,,,,
16480,pomorskie,wejherowski,Reda,gmina miejska,2215011,2024,nowy,,,,,,,,,,
16481,pomorskie,wejherowski,Reda,gmina miejska,2215011,2025,nowy,,,,,,,,,,
16482,pomorskie,wejherowski,Rumia,gmina miejska,2215021,2018,nowy,,,,,,,,,,
16483,pomorskie,wejherowski,Rumia,gmina miejska,2215021,2019,nowy,,,,,,,,,,
16484,pomorskie,wejherowski,Rumia,gmina miejska,2215021,2020,nowy,,,,,,,,,,
16485,pomorskie,wejherowski,Rumia,gmina miejska,2215021,2021,nowy,,,,,,,,,,
16486,pomorskie,wejherowski,Rumia,gmina miejska,2215021,2022,nowy,,,,,,,,,,
16487,pomorskie,wejherowski,Rumia,gmina miejska,2215021,2023,nowy,,,,,,,,,,
16488,pomorskie,wejherowski,Rumia,gmina miejska,2215021,2024,nowy,,,,,,,,,,
16489,pomorskie,wejherowski,Rumia,gmina miejska,2215021,2025,nowy,,,,,,,,,,
16490,pomorskie,wejherowski,Wejherowo,gmina miejska,2215031,2018,nowy,,,,,,,,,,
16491,pomorskie,wejherowski,Wejherowo,gmina miejska,2215031,2019,nowy,,,,,,,,,,
16492,pomorskie,wejherowski,Wejherowo,gmina miejska,2215031,2020,nowy,,,,,,,,,,
16493,pomorskie,wejherowski,Wejherowo,gmina miejska,2215031,2021,nowy,,,,,,,,,,
16494,pomorskie,wejherowski,Wejherowo,gmina miejska,2215031,2022,nowy,,,,,,,,,,
16495,pomorskie,wejherowski,Wejherowo,gmina miejska,2215031,2023,nowy,,,,,,,,,,
16496,pomorskie,wejherowski,Wejherowo,gmina miejska,2215031,2024,nowy,,,,,,,,,,
16497,pomorskie,wejherowski,Wejherowo,gmina miejska,2215031,2025,nowy,,,,,,,,,,
16498,pomorskie,wejherowski,Choczewo,gmina wiejska,2215042,2018,nowy,,,,,,,,,,
16499,pomorskie,wejherowski,Choczewo,gmina wiejska,2215042,2019,nowy,,,,,,,,,,
16500,pomorskie,wejherowski,Choczewo,gmina wiejska,2215042,2020,nowy,,,,,,,,,,
16501,pomorskie,wejherowski,Choczewo,gmina wiejska,2215042,2021,nowy,,,,,,,,,,
16502,pomorskie,wejherowski,Choczewo,gmina wiejska,2215042,2022,nowy,,,,,,,,,,
16503,pomorskie,wejherowski,Choczewo,gmina wiejska,2215042,2023,nowy,,,,,,,,,,
16504,pomorskie,wejherowski,Choczewo,gmina wiejska,2215042,2024,nowy,,,,,,,,,,
16505,pomorskie,wejherowski,Choczewo,gmina wiejska,2215042,2025,nowy,,,,,,,,,,
16506,pomorskie,wejherowski,Gniewino,gmina wiejska,2215052,2018,nowy,,,,,,,,,,
16507,pomorskie,wejherowski,Gniewino,gmina wiejska,2215052,2019,nowy,,,,,,,,,,
16508,pomorskie,wejherowski,Gniewino,gmina wiejska,2215052,2020,nowy,,,,,,,,,,
16509,pomorskie,wejherowski,Gniewino,gmina wiejska,2215052,2021,nowy,,,,,,,,,,
16510,pomorskie,wejherowski,Gniewino,gmina wiejska,2215052,2022,nowy,,,,,,,,,,
16511,pomorskie,wejherowski,Gniewino,gmina wiejska,2215052,2023,nowy,,,,,,,,,,
16512,pomorskie,wejherowski,Gniewino,gmina wiejska,2215052,2024,nowy,,,,,,,,,,
16513,pomorskie,wejherowski,Gniewino,gmina wiejska,2215052,2025,nowy,,,,,,,,,,
16514,pomorskie,wejherowski,Linia,gmina wiejska,2215062,2018,nowy,,,,,,,,,,
16515,pomorskie,wejherowski,Linia,gmina wiejska,2215062,2019,nowy,,,,,,,,,,
16516,pomorskie,wejherowski,Linia,gmina wiejska,2215062,2020,nowy,,,,,,,,,,
16517,pomorskie,wejherowski,Linia,gmina wiejska,2215062,2021,nowy,,,,,,,,,,
16518,pomorskie,wejherowski,Linia,gmina wiejska,2215062,2022,nowy,,,,,,,,,,
16519,pomorskie,wejherowski,Linia,gmina wiejska,2215062,2023,nowy,,,,,,,,,,
16520,pomorskie,wejherowski,Linia,gmina wiejska,2215062,2024,nowy,,,,,,,,,,
16521,pomorskie,wejherowski,Linia,gmina wiejska,2215062,2025,nowy,,,,,,,,,,
16522,pomorskie,wejherowski,Luzino,gmina wiejska,2215072,2018,nowy,,,,,,,,,,
16523,pomorskie,wejherowski,Luzino,gmina wiejska,2215072,2019,nowy,,,,,,,,,,
16524,pomorskie,wejherowski,Luzino,gmina wiejska,2215072,2020,nowy,,,,,,,,,,
16525,pomorskie,wejherowski,Luzino,gmina wiejska,2215072,2021,nowy,,,,,,,,,,
16526,pomorskie,wejherowski,Luzino,gmina wiejska,2215072,2022,nowy,,,,,,,,,,
16527,pomorskie,wejherowski,Luzino,gmina wiejska,2215072,2023,nowy,,,,,,,,,,
16528,pomorskie,wejherowski,Luzino,gmina wiejska,2215072,2024,nowy,,,,,,,,,,
16529,pomorskie,wejherowski,Luzino,gmina wiejska,2215072,2025,nowy,,,,,,,,,,
16530,pomorskie,wejherowski,Łęczyce,gmina wiejska,2215082,2018,nowy,,,,,,,,,,
16531,pomorskie,wejherowski,Łęczyce,gmina wiejska,2215082,2019,nowy,,,,,,,,,,
16532,pomorskie,wejherowski,Łęczyce,gmina wiejska,2215082,2020,nowy,,,,,,,,,,
16533,pomorskie,wejherowski,Łęczyce,gmina wiejska,2215082,2021,nowy,,,,,,,,,,
16534,pomorskie,wejherowski,Łęczyce,gmina wiejska,2215082,2022,nowy,,,,,,,,,,
16535,pomorskie,wejherowski,Łęczyce,gmina wiejska,2215082,2023,nowy,,,,,,,,,,
16536,pomorskie,wejherowski,Łęczyce,gmina wiejska,2215082,2024,nowy,,,,,,,,,,
16537,pomorskie,wejherowski,Łęczyce,gmina wiejska,2215082,2025,nowy,,,,,,,,,,
16538,pomorskie,wejherowski,Szemud,gmina wiejska,2215092,2018,nowy,,,,,,,,,,
16539,pomorskie,wejherowski,Szemud,gmina wiejska,2215092,2019,nowy,,,,,,,,,,
16540,pomorskie,wejherowski,Szemud,gmina wiejska,2215092,2020,nowy,,,,,,,,,,
16541,pomorskie,wejherowski,Szemud,gmina wiejska,2215092,2021,nowy,,,,,,,,,,
16542,pomorskie,wejherowski,Szemud,gmina wiejska,2215092,2022,nowy,,,,,,,,,,
16543,pomorskie,wejherowski,Szemud,gmina wiejska,2215092,2023,nowy,,,,,,,,,,
16544,pomorskie,wejherowski,Szemud,gmina wiejska,2215092,2024,nowy,,,,,,,,,,
16545,pomorskie,wejherowski,Szemud,gmina wiejska,2215092,2025,nowy,,,,,,,,,,
16546,pomorskie,wejherowski,Wejherowo,gmina wiejska,2215102,2018,nowy,,,,,,,,,,
16547,pomorskie,wejherowski,Wejherowo,gmina wiejska,2215102,2019,nowy,,,,,,,,,,
16548,pomorskie,wejherowski,Wejherowo,gmina wiejska,2215102,2020,nowy,,,,,,,,,,
16549,pomorskie,wejherowski,Wejherowo,gmina wiejska,2215102,2021,nowy,,,,,,,,,,
16550,pomorskie,wejherowski,Wejherowo,gmina wiejska,2215102,2022,nowy,,,,,,,,,,
16551,pomorskie,wejherowski,Wejherowo,gmina wiejska,2215102,2023,nowy,,,,,,,,,,
16552,pomorskie,wejherowski,Wejherowo,gmina wiejska,2215102,2024,nowy,,,,,,,,,,
16553,pomorskie,wejherowski,Wejherowo,gmina wiejska,2215102,2025,nowy,,,,,,,,,,
16554,pomorskie,sztumski,-,-,2216,2018,nowy,,,,,,,,,,
16555,pomorskie,sztumski,-,-,2216,2019,nowy,,,,,,,,,,
16556,pomorskie,sztumski,-,-,2216,2020,nowy,,,,,,,,,,
16557,pomorskie,sztumski,-,-,2216,2021,nowy,,,,,,,,,,
16558,pomorskie,sztumski,-,-,2216,2022,nowy,,,,,,,,,,
16559,pomorskie,sztumski,-,-,2216,2023,nowy,,,,,,,,,,
16560,pomorskie,sztumski,-,-,2216,2024,nowy,,,,,,,,,,
16561,pomorskie,sztumski,-,-,2216,2025,nowy,,,,,,,,,,
16562,pomorskie,sztumski,Dzierzgoń,gmina miejsko-wiejska,2216013,2018,nowy,,,,,,,,,,
16563,pomorskie,sztumski,Dzierzgoń,gmina miejsko-wiejska,2216013,2019,nowy,,,,,,,,,,
16564,pomorskie,sztumski,Dzierzgoń,gmina miejsko-wiejska,2216013,2020,nowy,,,,,,,,,,
16565,pomorskie,sztumski,Dzierzgoń,gmina miejsko-wiejska,2216013,2021,nowy,,,,,,,,,,
16566,pomorskie,sztumski,Dzierzgoń,gmina miejsko-wiejska,2216013,2022,nowy,,,,,,,,,,
16567,pomorskie,sztumski,Dzierzgoń,gmina miejsko-wiejska,2216013,2023,nowy,,,,,,,,,,
16568,pomorskie,sztumski,Dzierzgoń,gmina miejsko-wiejska,2216013,2024,nowy,,,,,,,,,,
16569,pomorskie,sztumski,Dzierzgoń,gmina miejsko-wiejska,2216013,2025,nowy,,,,,,,,,,
16570,pomorskie,sztumski,Mikołajki Pomorskie,gmina wiejska,2216022,2018,nowy,,,,,,,,,,
16571,pomorskie,sztumski,Mikołajki Pomorskie,gmina wiejska,2216022,2019,nowy,,,,,,,,,,
16572,pomorskie,sztumski,Mikołajki Pomorskie,gmina wiejska,2216022,2020,nowy,,,,,,,,,,
16573,pomorskie,sztumski,Mikołajki Pomorskie,gmina wiejska,2216022,2021,nowy,,,,,,,,,,
16574,pomorskie,sztumski,Mikołajki Pomorskie,gmina wiejska,2216022,2022,nowy,,,,,,,,,,
16575,pomorskie,sztumski,Mikołajki Pomorskie,gmina wiejska,2216022,2023,nowy,,,,,,,,,,
16576,pomorskie,sztumski,Mikołajki Pomorskie,gmina wiejska,2216022,2024,nowy,,,,,,,,,,
16577,pomorskie,sztumski,Mikołajki Pomorskie,gmina wiejska,2216022,2025,nowy,,,,,,,,,,
16578,pomorskie,sztumski,Stary Dzierzgoń,gmina wiejska,2216032,2018,nowy,,,,,,,,,,
16579,pomorskie,sztumski,Stary Dzierzgoń,gmina wiejska,2216032,2019,nowy,,,,,,,,,,
16580,pomorskie,sztumski,Stary Dzierzgoń,gmina wiejska,2216032,2020,nowy,,,,,,,,,,
16581,pomorskie,sztumski,Stary Dzierzgoń,gmina wiejska,2216032,2021,nowy,,,,,,,,,,
16582,pomorskie,sztumski,Stary Dzierzgoń,gmina wiejska,2216032,2022,nowy,,,,,,,,,,
16583,pomorskie,sztumski,Stary Dzierzgoń,gmina wiejska,2216032,2023,nowy,,,,,,,,,,
16584,pomorskie,sztumski,Stary Dzierzgoń,gmina wiejska,2216032,2024,nowy,,,,,,,,,,
16585,pomorskie,sztumski,Stary Dzierzgoń,gmina wiejska,2216032,2025,nowy,,,,,,,,,,
16586,pomorskie,sztumski,Stary Targ,gmina wiejska,2216042,2018,nowy,,,,,,,,,,
16587,pomorskie,sztumski,Stary Targ,gmina wiejska,2216042,2019,nowy,,,,,,,,,,
16588,pomorskie,sztumski,Stary Targ,gmina wiejska,2216042,2020,nowy,,,,,,,,,,
16589,pomorskie,sztumski,Stary Targ,gmina wiejska,2216042,2021,nowy,,,,,,,,,,
16590,pomorskie,sztumski,Stary Targ,gmina wiejska,2216042,2022,nowy,,,,,,,,,,
16591,pomorskie,sztumski,Stary Targ,gmina wiejska,2216042,2023,nowy,,,,,,,,,,
16592,pomorskie,sztumski,Stary Targ,gmina wiejska,2216042,2024,nowy,,,,,,,,,,
16593,pomorskie,sztumski,Stary Targ,gmina wiejska,2216042,2025,nowy,,,,,,,,,,
16594,pomorskie,sztumski,Sztum,gmina miejsko-wiejska,2216053,2018,nowy,,,,,,,,,,
16595,pomorskie,sztumski,Sztum,gmina miejsko-wiejska,2216053,2019,nowy,,,,,,,,,,
16596,pomorskie,sztumski,Sztum,gmina miejsko-wiejska,2216053,2020,nowy,,,,,,,,,,
16597,pomorskie,sztumski,Sztum,gmina miejsko-wiejska,2216053,2021,nowy,,,,,,,,,,
16598,pomorskie,sztumski,Sztum,gmina miejsko-wiejska,2216053,2022,nowy,,,,,,,,,,
16599,pomorskie,sztumski,Sztum,gmina miejsko-wiejska,2216053,2023,nowy,,,,,,,,,,
16600,pomorskie,sztumski,Sztum,gmina miejsko-wiejska,2216053,2024,nowy,,,,,,,,,,
16601,pomorskie,sztumski,Sztum,gmina miejsko-wiejska,2216053,2025,nowy,,,,,,,,,,
16602,pomorskie,m. Gdańsk,-,-,2261,2018,nowy,,,,,,,,,,
16603,pomorskie,m. Gdańsk,-,-,2261,2019,nowy,,,,,,,,,,
16604,pomorskie,m. Gdańsk,-,-,2261,2020,nowy,,,,,,,,,,
16605,pomorskie,m. Gdańsk,-,-,2261,2021,nowy,,,,,,,,,,
16606,pomorskie,m. Gdańsk,-,-,2261,2022,nowy,,,,,,,,,,
16607,pomorskie,m. Gdańsk,-,-,2261,2023,nowy,,,,,,,,,,
16608,pomorskie,m. Gdańsk,-,-,2261,2024,nowy,,,,,,,,,,
16609,pomorskie,m. Gdańsk,-,-,2261,2025,nowy,,,,,,,,,,
16610,pomorskie,m. Gdańsk,Gdańsk,gmina miejska (miasto na prawach powiatu),2261011,2018,nowy,,,,,,,,,,
16611,pomorskie,m. Gdańsk,Gdańsk,gmina miejska (miasto na prawach powiatu),2261011,2019,nowy,,,,,,,,,,
16612,pomorskie,m. Gdańsk,Gdańsk,gmina miejska (miasto na prawach powiatu),2261011,2020,nowy,,,,,,,,,,
16613,pomorskie,m. Gdańsk,Gdańsk,gmina miejska (miasto na prawach powiatu),2261011,2021,nowy,,,,,,,,,,
16614,pomorskie,m. Gdańsk,Gdańsk,gmina miejska (miasto na prawach powiatu),2261011,2022,nowy,,,,,,,,,,
16615,pomorskie,m. Gdańsk,Gdańsk,gmina miejska (miasto na prawach powiatu),2261011,2023,nowy,,,,,,,,,,
16616,pomorskie,m. Gdańsk,Gdańsk,gmina miejska (miasto na prawach powiatu),2261011,2024,nowy,,,,,,,,,,
16617,pomorskie,m. Gdańsk,Gdańsk,gmina miejska (miasto na prawach powiatu),2261011,2025,nowy,,,,,,,,,,
16618,pomorskie,m. Gdynia,-,-,2262,2018,nowy,,,,,,,,,,
16619,pomorskie,m. Gdynia,-,-,2262,2019,nowy,,,,,,,,,,
16620,pomorskie,m. Gdynia,-,-,2262,2020,nowy,,,,,,,,,,
16621,pomorskie,m. Gdynia,-,-,2262,2021,nowy,,,,,,,,,,
16622,pomorskie,m. Gdynia,-,-,2262,2022,nowy,,,,,,,,,,
16623,pomorskie,m. Gdynia,-,-,2262,2023,nowy,,,,,,,,,,
16624,pomorskie,m. Gdynia,-,-,2262,2024,nowy,,,,,,,,,,
16625,pomorskie,m. Gdynia,-,-,2262,2025,nowy,,,,,,,,,,
16626,pomorskie,m. Gdynia,Gdynia,gmina miejska (miasto na prawach powiatu),2262011,2018,nowy,,,,,,,,,,
16627,pomorskie,m. Gdynia,Gdynia,gmina miejska (miasto na prawach powiatu),2262011,2019,nowy,,,,,,,,,,
16628,pomorskie,m. Gdynia,Gdynia,gmina miejska (miasto na prawach powiatu),2262011,2020,nowy,,,,,,,,,,
16629,pomorskie,m. Gdynia,Gdynia,gmina miejska (miasto na prawach powiatu),2262011,2021,nowy,,,,,,,,,,
16630,pomorskie,m. Gdynia,Gdynia,gmina miejska (miasto na prawach powiatu),2262011,2022,nowy,,,,,,,,,,
16631,pomorskie,m. Gdynia,Gdynia,gmina miejska (miasto na prawach powiatu),2262011,2023,nowy,,,,,,,,,,
16632,pomorskie,m. Gdynia,Gdynia,gmina miejska (miasto na prawach powiatu),2262011,2024,nowy,,,,,,,,,,
16633,pomorskie,m. Gdynia,Gdynia,gmina miejska (miasto na prawach powiatu),2262011,2025,nowy,,,,,,,,,,
16634,pomorskie,m. Słupsk,-,-,2263,2018,nowy,,,,,,,,,,
16635,pomorskie,m. Słupsk,-,-,2263,2019,nowy,,,,,,,,,,
16636,pomorskie,m. Słupsk,-,-,2263,2020,nowy,,,,,,,,,,
16637,pomorskie,m. Słupsk,-,-,2263,2021,nowy,,,,,,,,,,
16638,pomorskie,m. Słupsk,-,-,2263,2022,nowy,,,,,,,,,,
16639,pomorskie,m. Słupsk,-,-,2263,2023,nowy,,,,,,,,,,
16640,pomorskie,m. Słupsk,-,-,2263,2024,nowy,,,,,,,,,,
16641,pomorskie,m. Słupsk,-,-,2263,2025,nowy,,,,,,,,,,
16642,pomorskie,m. Słupsk,Słupsk,gmina miejska (miasto na prawach powiatu),2263011,2018,nowy,,,,,,,,,,
16643,pomorskie,m. Słupsk,Słupsk,gmina miejska (miasto na prawach powiatu),2263011,2019,nowy,,,,,,,,,,
16644,pomorskie,m. Słupsk,Słupsk,gmina miejska (miasto na prawach powiatu),2263011,2020,nowy,,,,,,,,,,
16645,pomorskie,m. Słupsk,Słupsk,gmina miejska (miasto na prawach powiatu),2263011,2021,nowy,,,,,,,,,,
16646,pomorskie,m. Słupsk,Słupsk,gmina miejska (miasto na prawach powiatu),2263011,2022,nowy,,,,,,,,,,
16647,pomorskie,m. Słupsk,Słupsk,gmina miejska (miasto na prawach powiatu),2263011,2023,nowy,,,,,,,,,,
16648,pomorskie,m. Słupsk,Słupsk,gmina miejska (miasto na prawach powiatu),2263011,2024,nowy,,,,,,,,,,
16649,pomorskie,m. Słupsk,Słupsk,gmina miejska (miasto na prawach powiatu),2263011,2025,nowy,,,,,,,,,,
16650,pomorskie,m. Sopot,-,-,2264,2018,nowy,,,,,,,,,,
16651,pomorskie,m. Sopot,-,-,2264,2019,nowy,,,,,,,,,,
16652,pomorskie,m. Sopot,-,-,2264,2020,nowy,,,,,,,,,,
16653,pomorskie,m. Sopot,-,-,2264,2021,nowy,,,,,,,,,,
16654,pomorskie,m. Sopot,-,-,2264,2022,nowy,,,,,,,,,,
16655,pomorskie,m. Sopot,-,-,2264,2023,nowy,,,,,,,,,,
16656,pomorskie,m. Sopot,-,-,2264,2024,nowy,,,,,,,,,,
16657,pomorskie,m. Sopot,-,-,2264,2025,nowy,,,,,,,,,,
16658,pomorskie,m. Sopot,Sopot,gmina miejska (miasto na prawach powiatu),2264011,2018,nowy,,,,,,,,,,
16659,pomorskie,m. Sopot,Sopot,gmina miejska (miasto na prawach powiatu),2264011,2019,nowy,,,,,,,,,,
16660,pomorskie,m. Sopot,Sopot,gmina miejska (miasto na prawach powiatu),2264011,2020,nowy,,,,,,,,,,
16661,pomorskie,m. Sopot,Sopot,gmina miejska (miasto na prawach powiatu),2264011,2021,nowy,,,,,,,,,,
16662,pomorskie,m. Sopot,Sopot,gmina miejska (miasto na prawach powiatu),2264011,2022,nowy,,,,,,,,,,
16663,pomorskie,m. Sopot,Sopot,gmina miejska (miasto na prawach powiatu),2264011,2023,nowy,,,,,,,,,,
16664,pomorskie,m. Sopot,Sopot,gmina miejska (miasto na prawach powiatu),2264011,2024,nowy,,,,,,,,,,
16665,pomorskie,m. Sopot,Sopot,gmina miejska (miasto na prawach powiatu),2264011,2025,nowy,,,,,,,,,,
